scenario,seed,method,chunk,phase,ari,learn_s,us_per_point,clusters
stationary,0,betula DenStream,0,before,0.6010785753635866,0.0001975820050574839,0.7903280202299356,3
stationary,0,betula DenStream,1,before,0.63340024610527,2.9276001441758126e-05,0.1171040057670325,3
stationary,0,betula DenStream,2,before,0.6790792951534307,2.7531998057384044e-05,0.11012799222953618,3
stationary,0,betula DenStream,3,before,0.7225533684374036,2.716099697863683e-05,0.10864398791454732,3
stationary,0,betula DenStream,4,before,0.5892555022701789,2.734100417001173e-05,0.10936401668004692,3
stationary,0,betula DenStream,5,before,0.7399291460090046,2.6839996280614287e-05,0.10735998512245715,3
stationary,0,betula DenStream,6,before,0.7387206206756107,2.9875998734496534e-05,0.11950399493798614,3
stationary,0,betula DenStream,7,before,0.7456380663359834,2.7362002583686262e-05,0.10944801033474505,3
stationary,0,betula DenStream,8,after,0.7701270682287664,2.8233000193722546e-05,0.11293200077489018,3
stationary,0,betula DenStream,9,after,0.6760639252901938,2.764199598459527e-05,0.11056798393838108,3
stationary,0,betula DenStream,10,after,0.7345398160232863,3.5597004170995206e-05,0.14238801668398082,3
stationary,0,betula DenStream,11,after,0.6592223638547292,2.725100057432428e-05,0.10900400229729712,3
stationary,0,betula DenStream,12,after,0.7193084596070384,2.7993002731818706e-05,0.11197201092727482,3
stationary,0,betula DenStream,13,after,0.7166141836717709,2.7551999664865434e-05,0.11020799865946174,3
stationary,0,betula DenStream,14,after,0.7956640274922422,2.8013004339300096e-05,0.11205201735720038,3
stationary,0,betula DenStream,15,after,0.7775795759833153,2.928500180132687e-05,0.11714000720530748,3
stationary,0,river DenStream,0,before,0.22049300682478484,0.0009357689996249974,3.7430759984999895,18
stationary,0,river DenStream,1,before,0.24901075527809216,0.0012862079965998419,5.1448319863993675,18
stationary,0,river DenStream,2,before,0.2449277715806713,0.0012523940022219904,5.0095760088879615,18
stationary,0,river DenStream,3,before,0.2339543946301453,0.0012474950053729117,4.989980021491647,18
stationary,0,river DenStream,4,before,0.22970814623151775,0.0012551800027722493,5.020720011088997,18
stationary,0,river DenStream,5,before,0.242932407922072,0.0012506409984780475,5.00256399391219,18
stationary,0,river DenStream,6,before,0.22643141570321398,0.001250891000381671,5.003564001526684,18
stationary,0,river DenStream,7,before,0.2351050813771472,0.0012759689998347312,5.103875999338925,18
stationary,0,river DenStream,8,after,0.22307588604897535,0.0013470019985106774,5.3880079940427095,18
stationary,0,river DenStream,9,after,0.2321460571725109,0.0012493390022427775,4.99735600897111,18
stationary,0,river DenStream,10,after,0.2282477994947777,0.0013164340052753687,5.265736021101475,18
stationary,0,river DenStream,11,after,0.2232788614734662,0.0012493079993873835,4.997231997549534,18
stationary,0,river DenStream,12,after,0.2335860562686002,0.001256221003131941,5.024884012527764,18
stationary,0,river DenStream,13,after,0.2290286356234321,0.001251201996637974,5.004807986551896,18
stationary,0,river DenStream,14,after,0.22714320916158692,0.00128451400087215,5.1380560034886,18
stationary,0,river DenStream,15,after,0.2349302507859927,0.0012632549987756647,5.053019995102659,18
stationary,0,betula DbStream,0,before,0.8179224080708831,9.007899643620476e-05,0.36031598574481905,5
stationary,0,betula DbStream,1,before,0.8068295377252036,0.00010699099948396906,0.42796399793587625,10
stationary,0,betula DbStream,2,before,0.8827533676786584,0.00014518300304189324,0.580732012167573,7
stationary,0,betula DbStream,3,before,0.8926919286942968,0.00019557699852157384,0.7823079940862954,6
stationary,0,betula DbStream,4,before,0.8641340612974947,0.00021756899514002725,0.870275980560109,7
stationary,0,betula DbStream,5,before,0.8799585214706305,0.00025773400557227433,1.0309360222890973,5
stationary,0,betula DbStream,6,before,0.8862048884823371,0.00036199099849909544,1.4479639939963818,4
stationary,0,betula DbStream,7,before,0.8798381490921608,0.0004183769997325726,1.6735079989302903,5
stationary,0,betula DbStream,8,after,0.9037108918506813,0.0004768559956573881,1.9074239826295525,5
stationary,0,betula DbStream,9,after,0.8717146722362189,0.0005301569981384091,2.1206279925536364,6
stationary,0,betula DbStream,10,after,0.8445627920489107,0.0006591589990421198,2.6366359961684793,7
stationary,0,betula DbStream,11,after,0.9256224795643834,0.0006980219986871816,2.7920879947487265,4
stationary,0,betula DbStream,12,after,0.8905109499603201,0.0008555280001019128,3.422112000407651,4
stationary,0,betula DbStream,13,after,0.8797387291991056,0.0010585700001684017,4.234280000673607,7
stationary,0,betula DbStream,14,after,0.9252869035057378,0.0012499989970820025,4.99999598832801,6
stationary,0,betula DbStream,15,after,0.8462387436909502,0.0014100309999776073,5.640123999910429,9
stationary,0,river DBSTREAM,0,before,0.33899485643686117,0.0020784270018339157,8.313708007335663,12
stationary,0,river DBSTREAM,1,before,0.22194484657776076,0.003038752001884859,12.155008007539436,17
stationary,0,river DBSTREAM,2,before,0.21668137300247386,0.003849525994155556,15.398103976622224,19
stationary,0,river DBSTREAM,3,before,0.20144764313132127,0.004163586003414821,16.654344013659284,21
stationary,0,river DBSTREAM,4,before,0.17344019904420022,0.004659548001654912,18.638192006619647,24
stationary,0,river DBSTREAM,5,before,0.18344752185244997,0.004958780999004375,19.8351239960175,24
stationary,0,river DBSTREAM,6,before,0.17455297861558192,0.004959623001923319,19.838492007693276,24
stationary,0,river DBSTREAM,7,before,0.1707321283902833,0.0048528119950788096,19.41124798031524,24
stationary,0,river DBSTREAM,8,after,0.1629522210394401,0.005156683000677731,20.626732002710924,25
stationary,0,river DBSTREAM,9,after,0.1502294413080556,0.005219131002377253,20.876524009509012,25
stationary,0,river DBSTREAM,10,after,0.16269694338869733,0.005499557999428362,21.998231997713447,25
stationary,0,river DBSTREAM,11,after,0.15822551411360458,0.005424016002507415,21.69606401002966,25
stationary,0,river DBSTREAM,12,after,0.16363029318764422,0.005485722002049442,21.94288800819777,25
stationary,0,river DBSTREAM,13,after,0.1662913757164867,0.005692119993909728,22.76847997563891,27
stationary,0,river DBSTREAM,14,after,0.16177868279634744,0.00562471299781464,22.49885199125856,26
stationary,0,river DBSTREAM,15,after,0.179441515017479,0.005691077996743843,22.764311986975372,26
stationary,0,river CluStream,0,before,1.0,0.0581367409977247,232.5469639908988,3
stationary,0,river CluStream,1,before,1.0,0.08601217899558833,344.0487159823533,3
stationary,0,river CluStream,2,before,1.0,0.06459354799881112,258.3741919952445,3
stationary,0,river CluStream,3,before,1.0,0.048821780997968744,195.28712399187498,3
stationary,0,river CluStream,4,before,1.0,0.04512147599598393,180.4859039839357,3
stationary,0,river CluStream,5,before,1.0,0.028974214001209475,115.8968560048379,3
stationary,0,river CluStream,6,before,1.0,0.030962160002673045,123.84864001069218,3
stationary,0,river CluStream,7,before,1.0,0.033219474003999494,132.87789601599798,3
stationary,0,river CluStream,8,after,1.0,0.052033097003004514,208.13238801201805,3
stationary,0,river CluStream,9,after,1.0,0.05665921399486251,226.63685597945005,3
stationary,0,river CluStream,10,after,1.0,0.05241637799917953,209.66551199671812,3
stationary,0,river CluStream,11,after,1.0,0.052462483996350784,209.84993598540314,3
stationary,0,river CluStream,12,after,1.0,0.03480244900129037,139.20979600516148,3
stationary,0,river CluStream,13,after,1.0,0.03446708800038323,137.8683520015329,3
stationary,0,river CluStream,14,after,1.0,0.035005068995815236,140.02027598326094,3
stationary,0,river CluStream,15,after,1.0,0.03935013699810952,157.40054799243808,3
stationary,1,betula DenStream,0,before,0.6280560437377098,5.518300167750567e-05,0.2207320067100227,3
stationary,1,betula DenStream,1,before,0.726439285406212,2.859400410670787e-05,0.11437601642683148,3
stationary,1,betula DenStream,2,before,0.7328863291692326,2.8674003260675818e-05,0.11469601304270327,3
stationary,1,betula DenStream,3,before,0.8096947436382665,2.8233000193722546e-05,0.11293200077489018,3
stationary,1,betula DenStream,4,before,0.7803389842794777,2.8383998142089695e-05,0.11353599256835878,3
stationary,1,betula DenStream,5,before,0.7370029747686243,2.811299782479182e-05,0.11245199129916728,3
stationary,1,betula DenStream,6,before,0.7275780406773273,2.7421003323979676e-05,0.1096840132959187,3
stationary,1,betula DenStream,7,before,0.8339288279304983,2.8544003725983202e-05,0.11417601490393281,3
stationary,1,betula DenStream,8,after,0.787586782868884,2.7982998290099204e-05,0.11193199316039681,3
stationary,1,betula DenStream,9,after,0.8566513967996527,2.8403999749571085e-05,0.11361599899828434,3
stationary,1,betula DenStream,10,after,0.7592260790579609,2.807299460982904e-05,0.11229197843931615,3
stationary,1,betula DenStream,11,after,0.7569399943332544,2.8743997972924262e-05,0.11497599189169705,3
stationary,1,betula DenStream,12,after,0.8681315346862609,2.8504000511020422e-05,0.11401600204408169,3
stationary,1,betula DenStream,13,after,0.7327080722217554,2.8684000426437706e-05,0.11473600170575082,3
stationary,1,betula DenStream,14,after,0.8037247758686904,2.9225004254840314e-05,0.11690001701936126,3
stationary,1,betula DenStream,15,after,0.8558535666981032,2.894499630201608e-05,0.11577998520806432,3
stationary,1,river DenStream,0,before,0.26648460089309106,0.001117970998166129,4.471883992664516,16
stationary,1,river DenStream,1,before,0.24595400583265883,0.0011661919998005033,4.664767999202013,16
stationary,1,river DenStream,2,before,0.2645119919777859,0.0011619239958235994,4.647695983294398,16
stationary,1,river DenStream,3,before,0.27668906782785013,0.0011533580036484636,4.6134320145938545,16
stationary,1,river DenStream,4,before,0.24706599207215432,0.0011845269982586615,4.738107993034646,16
stationary,1,river DenStream,5,before,0.2509421969437704,0.0011638279975159094,4.6553119900636375,16
stationary,1,river DenStream,6,before,0.2579986284208019,0.0011701700059347786,4.680680023739114,16
stationary,1,river DenStream,7,before,0.25486456069703145,0.001166312002169434,4.665248008677736,16
stationary,1,river DenStream,8,after,0.25503310859514683,0.0011609430002863519,4.643772001145408,16
stationary,1,river DenStream,9,after,0.2507179682144706,0.001160061001428403,4.640244005713612,16
stationary,1,river DenStream,10,after,0.2436403843731421,0.0011444010015111417,4.577604006044567,16
stationary,1,river DenStream,11,after,0.2420234739883996,0.0011543299988261424,4.61731999530457,16
stationary,1,river DenStream,12,after,0.25730803437433036,0.001163236993306782,4.652947973227128,16
stationary,1,river DenStream,13,after,0.24443694602028893,0.0011803390007116832,4.721356002846733,16
stationary,1,river DenStream,14,after,0.23810378417380026,0.00116594199789688,4.66376799158752,16
stationary,1,river DenStream,15,after,0.24282001685173618,0.0011933329951716587,4.773331980686635,16
stationary,1,betula DbStream,0,before,0.6886805224489222,8.006099960766733e-05,0.3202439984306693,7
stationary,1,betula DbStream,1,before,0.8447468054999022,9.645100362831727e-05,0.38580401451326907,8
stationary,1,betula DbStream,2,before,0.9248113775935278,0.00014767700486117974,0.590708019444719,5
stationary,1,betula DbStream,3,before,0.9256543048099308,0.00017565099551575258,0.7026039820630103,5
stationary,1,betula DbStream,4,before,0.8182970197013928,0.00022823899780632928,0.9129559912253171,8
stationary,1,betula DbStream,5,before,0.8561160352600478,0.00027707999834092334,1.1083199933636934,7
stationary,1,betula DbStream,6,before,0.8935128065072372,0.00035481699887895957,1.4192679955158383,7
stationary,1,betula DbStream,7,before,0.898119107157337,0.00041938900540117174,1.677556021604687,5
stationary,1,betula DbStream,8,after,0.8813931156783635,0.0004760849988088012,1.9043399952352047,6
stationary,1,betula DbStream,9,after,0.9232880143102282,0.0005262589984340593,2.1050359937362373,6
stationary,1,betula DbStream,10,after,0.8585065477325456,0.0006037150014890358,2.414860005956143,9
stationary,1,betula DbStream,11,after,0.926510816691963,0.0006567249947693199,2.6268999790772796,6
stationary,1,betula DbStream,12,after,0.9110040407969893,0.0008310619959956966,3.3242479839827865,6
stationary,1,betula DbStream,13,after,0.8585581399962666,0.0008929690011427738,3.571876004571095,9
stationary,1,betula DbStream,14,after,0.8862033993780164,0.0009088179940590635,3.635271976236254,8
stationary,1,betula DbStream,15,after,0.9081512430409225,0.0011248040027567185,4.499216011026874,6
stationary,1,river DBSTREAM,0,before,0.4216824481885468,0.0017861879969132133,7.144751987652853,11
stationary,1,river DBSTREAM,1,before,0.24252967010346893,0.003196928999386728,12.787715997546911,17
stationary,1,river DBSTREAM,2,before,0.21293663120522902,0.004187841994280461,16.751367977121845,23
stationary,1,river DBSTREAM,3,before,0.18938728047797443,0.0047806170041440055,19.122468016576022,24
stationary,1,river DBSTREAM,4,before,0.1736354646122125,0.005101129005197436,20.404516020789742,25
stationary,1,river DBSTREAM,5,before,0.17402968983425335,0.005292617999657523,21.17047199863009,25
stationary,1,river DBSTREAM,6,before,0.16913489065187057,0.005448031006380916,21.792124025523663,28
stationary,1,river DBSTREAM,7,before,0.14933501905946975,0.005820279999170452,23.28111999668181,28
stationary,1,river DBSTREAM,8,after,0.15312137770499204,0.005835338000906631,23.341352003626525,28
stationary,1,river DBSTREAM,9,after,0.15727268687503176,0.0059254290026728995,23.701716010691598,28
stationary,1,river DBSTREAM,10,after,0.16361829986821147,0.006126927000877913,24.507708003511652,28
stationary,1,river DBSTREAM,11,after,0.14937000103166834,0.00632232399948407,25.28929599793628,28
stationary,1,river DBSTREAM,12,after,0.1547918678293113,0.006591349003429059,26.365396013716236,30
stationary,1,river DBSTREAM,13,after,0.13767426073214603,0.0067980180028826,27.1920720115304,33
stationary,1,river DBSTREAM,14,after,0.12646566630921166,0.006899818996316753,27.599275985267013,33
stationary,1,river DBSTREAM,15,after,0.13766788009560094,0.007032508998236153,28.130035992944613,32
stationary,1,river CluStream,0,before,1.0,0.06416328900377266,256.65315601509064,3
stationary,1,river CluStream,1,before,1.0,0.08937280499958433,357.49121999833733,3
stationary,1,river CluStream,2,before,1.0,0.059243050003715325,236.9722000148613,3
stationary,1,river CluStream,3,before,1.0,0.05773014599981252,230.92058399925008,3
stationary,1,river CluStream,4,before,1.0,0.04252372300106799,170.09489200427197,3
stationary,1,river CluStream,5,before,1.0,0.037314831999538,149.259327998152,3
stationary,1,river CluStream,6,before,1.0,0.030278154998086393,121.11261999234557,3
stationary,1,river CluStream,7,before,1.0,0.040045704001386184,160.18281600554474,3
stationary,1,river CluStream,8,after,1.0,0.048147244000574574,192.5889760022983,3
stationary,1,river CluStream,9,after,1.0,0.059583390000625513,238.33356000250205,3
stationary,1,river CluStream,10,after,1.0,0.04972640099731507,198.90560398926027,3
stationary,1,river CluStream,11,after,1.0,0.04862404999585124,194.49619998340495,3
stationary,1,river CluStream,12,after,1.0,0.03219889499450801,128.79557997803204,3
stationary,1,river CluStream,13,after,1.0,0.03811708900320809,152.46835601283237,3
stationary,1,river CluStream,14,after,1.0,0.04061586700117914,162.46346800471656,3
stationary,1,river CluStream,15,after,1.0,0.045200453998404555,180.80181599361822,3
stationary,2,betula DenStream,0,before,0.6351718839758366,4.391199763631448e-05,0.17564799054525793,4
stationary,2,betula DenStream,1,before,0.6744160544049922,2.5517998437862843e-05,0.10207199375145137,3
stationary,2,betula DenStream,2,before,0.7054104064958545,2.4676999601069838e-05,0.09870799840427935,3
stationary,2,betula DenStream,3,before,0.5694101584443717,2.4767003196757287e-05,0.09906801278702915,3
stationary,2,betula DenStream,4,before,0.5942767841382854,2.4305001716129482e-05,0.09722000686451793,3
stationary,2,betula DenStream,5,before,0.6485420856548353,2.447600127197802e-05,0.09790400508791208,3
stationary,2,betula DenStream,6,before,0.6803513215419242,2.5086999812629074e-05,0.1003479992505163,3
stationary,2,betula DenStream,7,before,0.6188856598764769,2.503700670786202e-05,0.10014802683144808,3
stationary,2,betula DenStream,8,after,0.6211135390457031,2.4545995984226465e-05,0.09818398393690586,3
stationary,2,betula DenStream,9,after,0.7100100414522004,2.4615997972432524e-05,0.0984639918897301,3
stationary,2,betula DenStream,10,after,0.6764641871218655,2.476599911460653e-05,0.09906399645842612,3
stationary,2,betula DenStream,11,after,0.7028810754753998,2.490699989721179e-05,0.09962799958884716,3
stationary,2,betula DenStream,12,after,0.6789523200507595,2.6339999749325216e-05,0.10535999899730086,3
stationary,2,betula DenStream,13,after,0.608291116992229,2.5197005015797913e-05,0.10078802006319165,3
stationary,2,betula DenStream,14,after,0.5745447034975947,2.694100112421438e-05,0.10776400449685752,3
stationary,2,betula DenStream,15,after,0.7278188270339598,2.6620000426191837e-05,0.10648000170476735,4
stationary,2,river DenStream,0,before,0.2704827921557989,0.001103173999581486,4.412695998325944,15
stationary,2,river DenStream,1,before,0.3024107332535241,0.001136084996687714,4.544339986750856,15
stationary,2,river DenStream,2,before,0.2715732517908957,0.0011362760051270016,4.545104020508006,15
stationary,2,river DenStream,3,before,0.27424563469947727,0.0011341819990775548,4.536727996310219,15
stationary,2,river DenStream,4,before,0.267193098826091,0.0011315369993099011,4.526147997239605,15
stationary,2,river DenStream,5,before,0.25644021002048745,0.0011330999986967072,4.532399994786829,15
stationary,2,river DenStream,6,before,0.2861285427523318,0.0011198649954167195,4.479459981666878,15
stationary,2,river DenStream,7,before,0.27939354773140107,0.0011306050000712276,4.52242000028491,15
stationary,2,river DenStream,8,after,0.26136140050444867,0.0011301050035399385,4.520420014159754,15
stationary,2,river DenStream,9,after,0.27720092728077256,0.001172192998637911,4.688771994551644,15
stationary,2,river DenStream,10,after,0.2770797719974654,0.0011223499968764372,4.489399987505749,15
stationary,2,river DenStream,11,after,0.2693549413819574,0.0011397319976822473,4.558927990728989,15
stationary,2,river DenStream,12,after,0.27212559216537546,0.0011249449962633662,4.499779985053465,15
stationary,2,river DenStream,13,after,0.2643773462094817,0.001128721996792592,4.514887987170368,15
stationary,2,river DenStream,14,after,0.2554770755315545,0.0011280010003247298,4.512004001298919,15
stationary,2,river DenStream,15,after,0.2572537122394357,0.0010792989996843971,4.3171959987375885,15
stationary,2,betula DbStream,0,before,0.7425939725102012,7.289700442925096e-05,0.2915880177170038,7
stationary,2,betula DbStream,1,before,0.9062863345065828,9.895600669551641e-05,0.39582402678206563,4
stationary,2,betula DbStream,2,before,0.8788029136161816,0.00013832000695401803,0.5532800278160721,6
stationary,2,betula DbStream,3,before,0.8660921190582774,0.00017540900444146246,0.7016360177658498,5
stationary,2,betula DbStream,4,before,0.9108689146813436,0.00019670999608933926,0.786839984357357,5
stationary,2,betula DbStream,5,before,0.8817327761148821,0.0002290699994773604,0.9162799979094416,6
stationary,2,betula DbStream,6,before,0.90938493049865,0.0002808680001180619,1.1234720004722476,8
stationary,2,betula DbStream,7,before,0.8557910770036656,0.000381678000849206,1.526712003396824,10
stationary,2,betula DbStream,8,after,0.8822116618400012,0.0004117439966648817,1.6469759866595268,7
stationary,2,betula DbStream,9,after,0.9052890536273067,0.0004553160033538006,1.8212640134152025,6
stationary,2,betula DbStream,10,after,0.8798276525549161,0.0005380809961934574,2.1523239847738296,7
stationary,2,betula DbStream,11,after,0.8886615434277305,0.0006978119999985211,2.7912479999940842,5
stationary,2,betula DbStream,12,after,0.8909490492628274,0.0007267069959198125,2.90682798367925,4
stationary,2,betula DbStream,13,after,0.9277617030370422,0.0007609500025864691,3.043800010345876,5
stationary,2,betula DbStream,14,after,0.9141597300525586,0.0007684750016778708,3.073900006711483,5
stationary,2,betula DbStream,15,after,0.9322332912771942,0.001112511999963317,4.450047999853268,6
stationary,2,river DBSTREAM,0,before,0.2705955392983147,0.002476795998518355,9.90718399407342,16
stationary,2,river DBSTREAM,1,before,0.2349849402458598,0.003435888997046277,13.743555988185108,20
stationary,2,river DBSTREAM,2,before,0.20081156294717722,0.004247885000950191,16.991540003800765,23
stationary,2,river DBSTREAM,3,before,0.18176492533421804,0.00474563999887323,18.98255999549292,24
stationary,2,river DBSTREAM,4,before,0.19638786605293346,0.004683203005697578,18.732812022790313,23
stationary,2,river DBSTREAM,5,before,0.19374326092888924,0.004945415996189695,19.78166398475878,25
stationary,2,river DBSTREAM,6,before,0.18323678074467992,0.005148087002453394,20.592348009813577,26
stationary,2,river DBSTREAM,7,before,0.14563012458495317,0.005486342997755855,21.94537199102342,31
stationary,2,river DBSTREAM,8,after,0.15821277140106896,0.006220593000762165,24.88237200304866,32
stationary,2,river DBSTREAM,9,after,0.1355493314272335,0.006635783000092488,26.54313200036995,33
stationary,2,river DBSTREAM,10,after,0.1346193325116692,0.0066158460031147115,26.463384012458846,31
stationary,2,river DBSTREAM,11,after,0.1453973458161781,0.006572703998244833,26.290815992979333,33
stationary,2,river DBSTREAM,12,after,0.13534167620905108,0.0066456419954192825,26.58256798167713,32
stationary,2,river DBSTREAM,13,after,0.13293742524309887,0.006656272002146579,26.625088008586317,32
stationary,2,river DBSTREAM,14,after,0.121732374262358,0.006752964000042994,27.011856000171974,33
stationary,2,river DBSTREAM,15,after,0.1370746926008458,0.007455594000930432,29.82237600372173,33
stationary,2,river CluStream,0,before,1.0,0.05603508000058355,224.1403200023342,3
stationary,2,river CluStream,1,before,1.0,0.07435331300075632,297.41325200302526,3
stationary,2,river CluStream,2,before,1.0,0.0655884879961377,262.3539519845508,3
stationary,2,river CluStream,3,before,1.0,0.04438635399856139,177.54541599424556,3
stationary,2,river CluStream,4,before,1.0,0.04039336799905868,161.57347199623473,3
stationary,2,river CluStream,5,before,1.0,0.034544333997473586,138.17733598989435,3
stationary,2,river CluStream,6,before,1.0,0.02686661099869525,107.466443994781,3
stationary,2,river CluStream,7,before,1.0,0.030071916000451893,120.28766400180757,3
stationary,2,river CluStream,8,after,1.0,0.05247427699941909,209.89710799767636,3
stationary,2,river CluStream,9,after,1.0,0.0431213560004835,172.485424001934,3
stationary,2,river CluStream,10,after,1.0,0.04168487599963555,166.7395039985422,3
stationary,2,river CluStream,11,after,1.0,0.050492841997765936,201.97136799106374,3
stationary,2,river CluStream,12,after,1.0,0.04095865099952789,163.83460399811156,3
stationary,2,river CluStream,13,after,1.0,0.040440766999381594,161.76306799752638,3
stationary,2,river CluStream,14,after,1.0,0.033202701997652184,132.81080799060874,3
stationary,2,river CluStream,15,after,1.0,0.042412943999806885,169.65177599922754,3
jump,0,betula DenStream,0,before,0.6010785753635866,4.487399564823136e-05,0.17949598259292543,3
jump,0,betula DenStream,1,before,0.63340024610527,2.859400410670787e-05,0.11437601642683148,3
jump,0,betula DenStream,2,before,0.6790792951534307,2.5999004719778895e-05,0.10399601887911558,3
jump,0,betula DenStream,3,before,0.7225533684374036,2.5528002879582345e-05,0.10211201151832938,3
jump,0,betula DenStream,4,before,0.5892555022701789,3.2731004466768354e-05,0.13092401786707342,3
jump,0,betula DenStream,5,before,0.7399291460090046,2.6720997993834317e-05,0.10688399197533727,3
jump,0,betula DenStream,6,before,0.7387206206756107,2.6410001737531275e-05,0.1056400069501251,3
jump,0,betula DenStream,7,before,0.7456380663359834,2.680999750737101e-05,0.10723999002948403,3
jump,0,betula DenStream,8,after,0.6304398524700818,3.5607001336757094e-05,0.14242800534702837,6
jump,0,betula DenStream,9,after,0.6440257805199724,3.266099520260468e-05,0.13064398081041873,6
jump,0,betula DenStream,10,after,0.6418105225687033,3.218000347260386e-05,0.12872001389041543,6
jump,0,betula DenStream,11,after,0.6631860820017316,3.296200156910345e-05,0.1318480062764138,6
jump,0,betula DenStream,12,after,0.6528229335923641,3.3692995202727616e-05,0.13477198081091046,6
jump,0,betula DenStream,13,after,0.6931795020282135,3.322200063848868e-05,0.13288800255395472,6
jump,0,betula DenStream,14,after,0.7202177161228436,3.301200194982812e-05,0.13204800779931247,6
jump,0,betula DenStream,15,after,0.7430832464529321,3.2812000426929444e-05,0.13124800170771778,6
jump,0,river DenStream,0,before,0.22049300682478484,0.0009386640012962744,3.7546560051850975,18
jump,0,river DenStream,1,before,0.24901075527809216,0.0012086920032743365,4.834768013097346,18
jump,0,river DenStream,2,before,0.2449277715806713,0.0011945649966946803,4.778259986778721,18
jump,0,river DenStream,3,before,0.2339543946301453,0.0012151339979027398,4.860535991610959,18
jump,0,river DenStream,4,before,0.22970814623151775,0.001209323003422469,4.837292013689876,18
jump,0,river DenStream,5,before,0.242932407922072,0.0011854679978569038,4.741871991427615,18
jump,0,river DenStream,6,before,0.22643141570321398,0.0012048050048178993,4.819220019271597,18
jump,0,river DenStream,7,before,0.2351050813771472,0.0011975110028288327,4.790044011315331,18
jump,0,river DenStream,8,after,0.0,0.0012916580017190427,5.166632006876171,1
jump,0,river DenStream,9,after,0.0,0.0012627039977815002,5.050815991126001,1
jump,0,river DenStream,10,after,0.0,0.0013638129967148416,5.455251986859366,1
jump,0,river DenStream,11,after,0.0,0.001263655001821462,5.054620007285848,1
jump,0,river DenStream,12,after,0.0,0.0012482359961722977,4.992943984689191,1
jump,0,river DenStream,13,after,0.0,0.0012837929971283302,5.135171988513321,1
jump,0,river DenStream,14,after,0.0,0.0012810580010409467,5.124232004163787,1
jump,0,river DenStream,15,after,0.0,0.001283903002331499,5.135612009325996,1
jump,0,betula DbStream,0,before,0.8179224080708831,7.596200157422572e-05,0.3038480062969029,5
jump,0,betula DbStream,1,before,0.8068295377252036,0.00010508699779165909,0.42034799116663635,10
jump,0,betula DbStream,2,before,0.8827533676786584,0.00013708699407288805,0.5483479762915522,7
jump,0,betula DbStream,3,before,0.8926919286942968,0.00019524699746398255,0.7809879898559302,6
jump,0,betula DbStream,4,before,0.8641340612974947,0.00022681600239593536,0.9072640095837414,7
jump,0,betula DbStream,5,before,0.8799585214706305,0.0002612809985294007,1.0451239941176027,5
jump,0,betula DbStream,6,before,0.8862048884823371,0.00033740399521775544,1.3496159808710217,4
jump,0,betula DbStream,7,before,0.8798381490921608,0.000430448999395594,1.721795997582376,5
jump,0,betula DbStream,8,after,0.7459996604502788,0.00016643300477880985,0.6657320191152394,12
jump,0,betula DbStream,9,after,0.8437021708609403,0.0002220069945906289,0.8880279783625156,11
jump,0,betula DbStream,10,after,0.8566401511130088,0.0002627140056574717,1.0508560226298869,12
jump,0,betula DbStream,11,after,0.9262686567799324,0.00035616999957710505,1.4246799983084202,11
jump,0,betula DbStream,12,after,0.8905109499603201,0.00039384000410791487,1.5753600164316595,10
jump,0,betula DbStream,13,after,0.8983748888235016,0.00044108900328865275,1.764356013154611,11
jump,0,betula DbStream,14,after,0.9252869035057378,0.00045126800250727683,1.8050720100291073,10
jump,0,betula DbStream,15,after,0.8468887110610114,0.0005967819961369969,2.3871279845479876,13
jump,0,river DBSTREAM,0,before,0.33899485643686117,0.002018183993641287,8.072735974565148,12
jump,0,river DBSTREAM,1,before,0.22194484657776076,0.0029640519933309406,11.856207973323762,17
jump,0,river DBSTREAM,2,before,0.21668137300247386,0.0035843369987560436,14.337347995024174,19
jump,0,river DBSTREAM,3,before,0.20144764313132127,0.00390167399746133,15.60669598984532,21
jump,0,river DBSTREAM,4,before,0.17344019904420022,0.004430408000189345,17.72163200075738,24
jump,0,river DBSTREAM,5,before,0.18344752185244997,0.004824829004064668,19.299316016258672,24
jump,0,river DBSTREAM,6,before,0.17455297861558192,0.004899248997389805,19.59699598955922,24
jump,0,river DBSTREAM,7,before,0.1707321283902833,0.004755217996716965,19.02087198686786,24
jump,0,river DBSTREAM,8,after,0.5003788718658932,0.005217206999077462,20.868827996309847,8
jump,0,river DBSTREAM,9,after,0.2802959678593412,0.006198412003868725,24.7936480154749,15
jump,0,river DBSTREAM,10,after,0.22075525311255426,0.007169907999923453,28.67963199969381,19
jump,0,river DBSTREAM,11,after,0.1880349840621177,0.007640702999196947,30.562811996787786,21
jump,0,river DBSTREAM,12,after,0.20904146794099646,0.00786128700565314,31.445148022612557,21
jump,0,river DBSTREAM,13,after,0.17704641901460202,0.008437310003500897,33.74924001400359,24
jump,0,river DBSTREAM,14,after,0.16971860362712454,0.008472404995700344,33.88961998280138,23
jump,0,river DBSTREAM,15,after,0.1972221908967353,0.008552006001991685,34.20802400796674,24
jump,0,river CluStream,0,before,1.0,0.05638015899603488,225.52063598413952,3
jump,0,river CluStream,1,before,1.0,0.08331307499611285,333.2522999844514,3
jump,0,river CluStream,2,before,1.0,0.06231706799735548,249.26827198942192,3
jump,0,river CluStream,3,before,1.0,0.04703102599887643,188.12410399550572,3
jump,0,river CluStream,4,before,1.0,0.043043880003097,172.175520012388,3
jump,0,river CluStream,5,before,1.0,0.028407777994289063,113.63111197715625,3
jump,0,river CluStream,6,before,1.0,0.030124635995889548,120.49854398355819,3
jump,0,river CluStream,7,before,1.0,0.03233809600351378,129.35238401405513,3
jump,0,river CluStream,8,after,0.0,0.034111920998839196,136.44768399535678,1
jump,0,river CluStream,9,after,0.0,0.042579767999995966,170.31907199998386,1
jump,0,river CluStream,10,after,0.0,0.03822201699949801,152.88806799799204,1
jump,0,river CluStream,11,after,0.0,0.02504949599824613,100.19798399298452,1
jump,0,river CluStream,12,after,0.0,0.03712914200150408,148.5165680060163,1
jump,0,river CluStream,13,after,0.0,0.037384643001132645,149.53857200453058,1
jump,0,river CluStream,14,after,0.0,0.03060646200174233,122.42584800696932,1
jump,0,river CluStream,15,after,0.0,0.03204886300227372,128.19545200909488,1
jump,1,betula DenStream,0,before,0.6280560437377098,5.569499626290053e-05,0.22277998505160213,3
jump,1,betula DenStream,1,before,0.726439285406212,2.917399979196489e-05,0.11669599916785955,3
jump,1,betula DenStream,2,before,0.7328863291692326,2.8433998522814363e-05,0.11373599409125745,3
jump,1,betula DenStream,3,before,0.8096947436382665,2.925499575212598e-05,0.11701998300850391,3
jump,1,betula DenStream,4,before,0.7803389842794777,2.8613998438231647e-05,0.11445599375292659,3
jump,1,betula DenStream,5,before,0.7370029747686243,2.866400609491393e-05,0.11465602437965572,3
jump,1,betula DenStream,6,before,0.7275780406773273,2.8483998903539032e-05,0.11393599561415613,3
jump,1,betula DenStream,7,before,0.8339288279304983,2.9495997296180576e-05,0.1179839891847223,3
jump,1,betula DenStream,8,after,0.6206016929896102,3.9484002627432346e-05,0.15793601050972939,6
jump,1,betula DenStream,9,after,0.669351562516345,3.355299850227311e-05,0.13421199400909245,6
jump,1,betula DenStream,10,after,0.6984289674710652,3.594699956011027e-05,0.14378799824044108,6
jump,1,betula DenStream,11,after,0.6984661444157079,3.493500116746873e-05,0.1397400046698749,6
jump,1,betula DenStream,12,after,0.8100689900569893,3.414400271140039e-05,0.13657601084560156,6
jump,1,betula DenStream,13,after,0.7006959129169572,3.434500104049221e-05,0.13738000416196883,6
jump,1,betula DenStream,14,after,0.71814348732862,4.284999886294827e-05,0.17139999545179307,6
jump,1,betula DenStream,15,after,0.772397501880507,3.4264994610566646e-05,0.13705997844226658,6
jump,1,river DenStream,0,before,0.26648460089309106,0.001234880997799337,4.939523991197348,16
jump,1,river DenStream,1,before,0.24595400583265883,0.0011541200001374818,4.616480000549927,16
jump,1,river DenStream,2,before,0.2645119919777859,0.0011105480007245205,4.442192002898082,16
jump,1,river DenStream,3,before,0.27668906782785013,0.0011325390005367808,4.530156002147123,16
jump,1,river DenStream,4,before,0.24706599207215432,0.0011184120012330823,4.473648004932329,16
jump,1,river DenStream,5,before,0.2509421969437704,0.0011492499979794957,4.596999991917983,16
jump,1,river DenStream,6,before,0.2579986284208019,0.0011330389970680699,4.5321559882722795,16
jump,1,river DenStream,7,before,0.25486456069703145,0.0011363359953975305,4.545343981590122,16
jump,1,river DenStream,8,after,0.0,0.0011643390025710687,4.657356010284275,1
jump,1,river DenStream,9,after,0.0,0.001143970999692101,4.575883998768404,1
jump,1,river DenStream,10,after,0.0,0.0011426470009610057,4.570588003844023,1
jump,1,river DenStream,11,after,0.0,0.0011775239981943741,4.710095992777497,1
jump,1,river DenStream,12,after,0.0,0.0011372470034984872,4.548988013993949,1
jump,1,river DenStream,13,after,0.0,0.0011522459972184151,4.608983988873661,1
jump,1,river DenStream,14,after,0.0,0.0011419970032875426,4.5679880131501704,1
jump,1,river DenStream,15,after,0.0,0.0011414359978516586,4.5657439914066344,1
jump,1,betula DbStream,0,before,0.6886805224489222,9.255400073016062e-05,0.3702160029206425,7
jump,1,betula DbStream,1,before,0.8447468054999022,9.664100070949644e-05,0.38656400283798575,8
jump,1,betula DbStream,2,before,0.9248113775935278,0.0001479580023442395,0.591832009376958,5
jump,1,betula DbStream,3,before,0.9256543048099308,0.00018778300000121817,0.7511320000048727,5
jump,1,betula DbStream,4,before,0.8182970197013928,0.0002303729997947812,0.9214919991791248,8
jump,1,betula DbStream,5,before,0.8561160352600478,0.0002793549938360229,1.1174199753440917,7
jump,1,betula DbStream,6,before,0.8935128065072372,0.00038588500319747254,1.5435400127898902,7
jump,1,betula DbStream,7,before,0.898119107157337,0.00043074999848613515,1.7229999939445406,5
jump,1,betula DbStream,8,after,0.7172591192403684,0.0001652710052439943,0.6610840209759772,12
jump,1,betula DbStream,9,after,0.8254980500071155,0.00022085499949753284,0.8834199979901314,13
jump,1,betula DbStream,10,after,0.8265346608700578,0.0002679329991224222,1.0717319964896888,15
jump,1,betula DbStream,11,after,0.908330735100132,0.0003470129959168844,1.3880519836675376,12
jump,1,betula DbStream,12,after,0.9280980120247024,0.00037987399991834536,1.5194959996733814,10
jump,1,betula DbStream,13,after,0.8664856383224298,0.00043470700620673597,1.7388280248269439,11
jump,1,betula DbStream,14,after,0.8862033993780164,0.0004573400001390837,1.8293600005563349,11
jump,1,betula DbStream,15,after,0.8961502668463263,0.0005647719954140484,2.2590879816561937,10
jump,1,river DBSTREAM,0,before,0.4216824481885468,0.001771891002135817,7.087564008543268,11
jump,1,river DBSTREAM,1,before,0.24252967010346893,0.0031146539986366406,12.458615994546562,17
jump,1,river DBSTREAM,2,before,0.21293663120522902,0.003922804004105274,15.691216016421095,23
jump,1,river DBSTREAM,3,before,0.18938728047797443,0.004484500001126435,17.93800000450574,24
jump,1,river DBSTREAM,4,before,0.1736354646122125,0.004778572998475283,19.114291993901134,25
jump,1,river DBSTREAM,5,before,0.17402968983425335,0.004895472993666772,19.581891974667087,25
jump,1,river DBSTREAM,6,before,0.16913489065187057,0.005102912000438664,20.411648001754656,28
jump,1,river DBSTREAM,7,before,0.14933501905946975,0.0054319609989761375,21.72784399590455,28
jump,1,river DBSTREAM,8,after,0.34434860907145837,0.006059420004021376,24.237680016085505,13
jump,1,river DBSTREAM,9,after,0.26184859545852784,0.007239498001581524,28.957992006326094,16
jump,1,river DBSTREAM,10,after,0.24803263783717688,0.007577854004921392,30.311416019685566,16
jump,1,river DBSTREAM,11,after,0.21384524104203095,0.007857990000047721,31.431960000190884,18
jump,1,river DBSTREAM,12,after,0.23906070814456382,0.008469098997011315,33.87639598804526,20
jump,1,river DBSTREAM,13,after,0.1716547711549431,0.009029393004311714,36.11757201724686,26
jump,1,river DBSTREAM,14,after,0.170892959991066,0.009458529995754361,37.834119983017445,26
jump,1,river DBSTREAM,15,after,0.16787110192863156,0.009589995999704115,38.35998399881646,25
jump,1,river CluStream,0,before,1.0,0.06135757500305772,245.43030001223087,3
jump,1,river CluStream,1,before,1.0,0.08519634500407847,340.78538001631387,3
jump,1,river CluStream,2,before,1.0,0.056580786003905814,226.32314401562326,3
jump,1,river CluStream,3,before,1.0,0.05701630500698229,228.06522002792917,3
jump,1,river CluStream,4,before,1.0,0.040088153997203335,160.35261598881334,3
jump,1,river CluStream,5,before,1.0,0.035201719001634046,140.80687600653619,3
jump,1,river CluStream,6,before,1.0,0.028307009000855032,113.22803600342013,3
jump,1,river CluStream,7,before,1.0,0.03778571700240718,151.14286800962873,3
jump,1,river CluStream,8,after,0.0,0.027713793999282643,110.85517599713057,1
jump,1,river CluStream,9,after,0.0,0.030085972997767385,120.34389199106954,1
jump,1,river CluStream,10,after,0.0,0.035678756001289,142.715024005156,1
jump,1,river CluStream,11,after,0.0,0.027003247996617574,108.0129919864703,1
jump,1,river CluStream,12,after,0.0,0.03835877299570711,153.43509198282845,1
jump,1,river CluStream,13,after,0.0,0.03396407299442217,135.85629197768867,1
jump,1,river CluStream,14,after,0.0,0.03349836699635489,133.99346798541956,1
jump,1,river CluStream,15,after,0.0,0.034210486002848484,136.84194401139393,1
jump,2,betula DenStream,0,before,0.6351718839758366,4.561500099953264e-05,0.18246000399813056,4
jump,2,betula DenStream,1,before,0.6744160544049922,2.559799759183079e-05,0.10239199036732316,3
jump,2,betula DenStream,2,before,0.7054104064958545,2.5888999516610056e-05,0.10355599806644022,3
jump,2,betula DenStream,3,before,0.5694101584443717,2.4815999495331198e-05,0.09926399798132479,3
jump,2,betula DenStream,4,before,0.5942767841382854,2.407500141998753e-05,0.09630000567995012,3
jump,2,betula DenStream,5,before,0.6485420856548353,2.4396002118010074e-05,0.0975840084720403,3
jump,2,betula DenStream,6,before,0.6803513215419242,2.473600034136325e-05,0.098944001365453,3
jump,2,betula DenStream,7,before,0.6188856598764769,2.4466004106216133e-05,0.09786401642486453,3
jump,2,betula DenStream,8,after,0.5705242793154518,3.727999865077436e-05,0.14911999460309744,6
jump,2,betula DenStream,9,after,0.7135972599157182,3.2871997973416e-05,0.131487991893664,7
jump,2,betula DenStream,10,after,0.7109917350258009,4.037600592710078e-05,0.1615040237084031,6
jump,2,betula DenStream,11,after,0.719855104164972,3.434499376453459e-05,0.13737997505813837,6
jump,2,betula DenStream,12,after,0.831067063920862,3.497600118862465e-05,0.1399040047544986,6
jump,2,betula DenStream,13,after,0.7352787379992088,3.4354998206254095e-05,0.13741999282501638,6
jump,2,betula DenStream,14,after,0.722571619526911,3.448400093475357e-05,0.13793600373901427,6
jump,2,betula DenStream,15,after,0.8379739258877551,3.401399590075016e-05,0.13605598360300064,6
jump,2,river DenStream,0,before,0.2704827921557989,0.0011125710007036105,4.450284002814442,15
jump,2,river DenStream,1,before,0.3024107332535241,0.00107784600550076,4.31138402200304,15
jump,2,river DenStream,2,before,0.2715732517908957,0.0010742090016719885,4.296836006687954,15
jump,2,river DenStream,3,before,0.27424563469947727,0.0010865619988180697,4.346247995272279,15
jump,2,river DenStream,4,before,0.267193098826091,0.001128030999097973,4.512123996391892,15
jump,2,river DenStream,5,before,0.25644021002048745,0.0011113689979538321,4.445475991815329,15
jump,2,river DenStream,6,before,0.2861285427523318,0.001096350999432616,4.385403997730464,15
jump,2,river DenStream,7,before,0.27939354773140107,0.0011630160006461665,4.652064002584666,15
jump,2,river DenStream,8,after,0.0,0.0011151860016980208,4.460744006792083,1
jump,2,river DenStream,9,after,0.0,0.001107530995795969,4.430123983183876,1
jump,2,river DenStream,10,after,0.0,0.0010944270034087822,4.377708013635129,1
jump,2,river DenStream,11,after,0.0,0.0011094060027971864,4.4376240111887455,1
jump,2,river DenStream,12,after,0.0,0.0011008590008714236,4.4034360034856945,1
jump,2,river DenStream,13,after,0.0,0.0011232109973207116,4.4928439892828465,1
jump,2,river DenStream,14,after,0.0,0.0011048460000893101,4.41938400035724,1
jump,2,river DenStream,15,after,0.0,0.0011032940019504167,4.413176007801667,1
jump,2,betula DbStream,0,before,0.7425939725102012,7.698400440858677e-05,0.3079360176343471,7
jump,2,betula DbStream,1,before,0.9062863345065828,9.969699749490246e-05,0.39878798997960985,4
jump,2,betula DbStream,2,before,0.8788029136161816,0.00013895099982619286,0.5558039993047714,6
jump,2,betula DbStream,3,before,0.8660921190582774,0.00017838500207290053,0.7135400082916021,5
jump,2,betula DbStream,4,before,0.9108689146813436,0.00020108800526941195,0.8043520210776478,5
jump,2,betula DbStream,5,before,0.8817327761148821,0.00023141499696066603,0.9256599878426641,6
jump,2,betula DbStream,6,before,0.90938493049865,0.0002781829971354455,1.112731988541782,8
jump,2,betula DbStream,7,before,0.8557910770036656,0.00038516399945365265,1.5406559978146106,10
jump,2,betula DbStream,8,after,0.8257107443734535,0.00015545199858024716,0.6218079943209887,15
jump,2,betula DbStream,9,after,0.8833607739371121,0.00019154999608872458,0.7661999843548983,16
jump,2,betula DbStream,10,after,0.8583315576345816,0.0002244420029455796,0.8977680117823184,14
jump,2,betula DbStream,11,after,0.8550658028523566,0.00030664700170746073,1.226588006829843,10
jump,2,betula DbStream,12,after,0.8852697649944508,0.0003205719985999167,1.2822879943996668,8
jump,2,betula DbStream,13,after,0.946326823446483,0.0003415119936107658,1.3660479744430631,9
jump,2,betula DbStream,14,after,0.8960844390949407,0.00036683999496744946,1.4673599798697978,8
jump,2,betula DbStream,15,after,0.9143742162300488,0.0005248659945209511,2.0994639780838042,10
jump,2,river DBSTREAM,0,before,0.2705955392983147,0.0024001419951673597,9.600567980669439,16
jump,2,river DBSTREAM,1,before,0.2349849402458598,0.003338043999974616,13.352175999898463,20
jump,2,river DBSTREAM,2,before,0.20081156294717722,0.004155050999543164,16.620203998172656,23
jump,2,river DBSTREAM,3,before,0.18176492533421804,0.004651884002669249,18.607536010676995,24
jump,2,river DBSTREAM,4,before,0.19638786605293346,0.004618151004251558,18.472604017006233,23
jump,2,river DBSTREAM,5,before,0.19374326092888924,0.004744758996821474,18.979035987285897,25
jump,2,river DBSTREAM,6,before,0.18323678074467992,0.00514062300499063,20.56249201996252,26
jump,2,river DBSTREAM,7,before,0.14563012458495317,0.0054707039962522686,21.882815985009074,31
jump,2,river DBSTREAM,8,after,0.3496709209309751,0.006562485999893397,26.24994399957359,12
jump,2,river DBSTREAM,9,after,0.29076227427728996,0.007485440997697879,29.941763990791515,14
jump,2,river DBSTREAM,10,after,0.26355913319504093,0.007923133001895621,31.692532007582486,16
jump,2,river DBSTREAM,11,after,0.20904146794099646,0.008810881998215336,35.243527992861345,22
jump,2,river DBSTREAM,12,after,0.18244289039629188,0.00945543400302995,37.8217360121198,24
jump,2,river DBSTREAM,13,after,0.17180896818720978,0.009601697995094582,38.40679198037833,25
jump,2,river DBSTREAM,14,after,0.17191903254366867,0.009673132000898477,38.69252800359391,25
jump,2,river DBSTREAM,15,after,0.18132072967022914,0.009658855997258797,38.63542398903519,25
jump,2,river CluStream,0,before,1.0,0.05727182500413619,229.08730001654476,3
jump,2,river CluStream,1,before,1.0,0.07389482099824818,295.5792839929927,3
jump,2,river CluStream,2,before,1.0,0.06530523500259733,261.2209400103893,3
jump,2,river CluStream,3,before,1.0,0.044639549996645655,178.55819998658262,3
jump,2,river CluStream,4,before,1.0,0.04046427200228209,161.85708800912835,3
jump,2,river CluStream,5,before,1.0,0.03490772700024536,139.63090800098144,3
jump,2,river CluStream,6,before,1.0,0.027029087003029417,108.11634801211767,3
jump,2,river CluStream,7,before,1.0,0.03039730800082907,121.58923200331628,3
jump,2,river CluStream,8,after,0.0,0.021619738996378146,86.47895598551258,1
jump,2,river CluStream,9,after,0.0,0.025509099999908358,102.03639999963343,1
jump,2,river CluStream,10,after,0.0,0.03638317999866558,145.53271999466233,1
jump,2,river CluStream,11,after,0.0,0.02564483499736525,102.579339989461,1
jump,2,river CluStream,12,after,0.0,0.04235725999751594,169.42903999006376,1
jump,2,river CluStream,13,after,0.0,0.03801855399797205,152.0742159918882,1
jump,2,river CluStream,14,after,0.0,0.028614367001864593,114.45746800745837,1
jump,2,river CluStream,15,after,0.0,0.03387726000073599,135.50904000294395,1
split,0,betula DenStream,0,before,0.6010785753635866,5.532400246011093e-05,0.22129600984044373,3
split,0,betula DenStream,1,before,0.63340024610527,2.7191003027837723e-05,0.1087640121113509,3
split,0,betula DenStream,2,before,0.6790792951534307,2.623000182211399e-05,0.10492000728845596,3
split,0,betula DenStream,3,before,0.7225533684374036,2.5687993911560625e-05,0.1027519756462425,3
split,0,betula DenStream,4,before,0.5892555022701789,2.6319998141843826e-05,0.1052799925673753,3
split,0,betula DenStream,5,before,0.7399291460090046,2.6049005100503564e-05,0.10419602040201426,3
split,0,betula DenStream,6,before,0.7387206206756107,2.5968998670578003e-05,0.10387599468231201,3
split,0,betula DenStream,7,before,0.7456380663359834,2.6359004550613463e-05,0.10543601820245385,3
split,0,betula DenStream,8,after,0.3529554985161805,4.268100019544363e-05,0.17072400078177452,9
split,0,betula DenStream,9,after,0.563623813671252,4.3070998799521476e-05,0.1722839951980859,8
split,0,betula DenStream,10,after,0.5285081314006765,4.183899727649987e-05,0.16735598910599947,8
split,0,betula DenStream,11,after,0.6314398167799143,4.149800224695355e-05,0.1659920089878142,7
split,0,betula DenStream,12,after,0.5866621988201697,4.230999911669642e-05,0.16923999646678567,6
split,0,betula DenStream,13,after,0.5676650782675612,4.131799505557865e-05,0.1652719802223146,6
split,0,betula DenStream,14,after,0.540948051082916,4.1908999264705926e-05,0.1676359970588237,4
split,0,betula DenStream,15,after,0.6466131095888891,4.1788000089582056e-05,0.16715200035832822,5
split,0,river DenStream,0,before,0.22049300682478484,0.0009747419971972704,3.8989679887890816,18
split,0,river DenStream,1,before,0.24901075527809216,0.0012052259990014136,4.820903996005654,18
split,0,river DenStream,2,before,0.2449277715806713,0.0011917200026800856,4.766880010720342,18
split,0,river DenStream,3,before,0.2339543946301453,0.0011971409985562786,4.788563994225115,18
split,0,river DenStream,4,before,0.22970814623151775,0.0011945950027438812,4.778380010975525,18
split,0,river DenStream,5,before,0.242932407922072,0.0011964489967795089,4.7857959871180356,18
split,0,river DenStream,6,before,0.22643141570321398,0.001193502997921314,4.774011991685256,18
split,0,river DenStream,7,before,0.2351050813771472,0.0012066380004398525,4.82655200175941,18
split,0,river DenStream,8,after,0.8799593053844734,0.0011922819976462051,4.7691279905848205,11
split,0,river DenStream,9,after,0.8604410494590257,0.0012401710046106018,4.960684018442407,13
split,0,river DenStream,10,after,0.8859777477868648,0.0012402809952618554,4.961123981047422,13
split,0,river DenStream,11,after,0.9133397193259358,0.0012517029972514138,5.006811989005655,13
split,0,river DenStream,12,after,0.8870195915631194,0.0012393190045258962,4.957276018103585,13
split,0,river DenStream,13,after,0.8902465246268537,0.0012434270029189065,4.973708011675626,14
split,0,river DenStream,14,after,0.9094260826656144,0.0012620929992408492,5.048371996963397,14
split,0,river DenStream,15,after,0.9234056187423313,0.0012231490036356263,4.892596014542505,11
split,0,betula DbStream,0,before,0.8179224080708831,7.357799768215045e-05,0.2943119907286018,5
split,0,betula DbStream,1,before,0.8068295377252036,9.847499313764274e-05,0.39389997255057096,10
split,0,betula DbStream,2,before,0.8827533676786584,0.0001426679955329746,0.5706719821318984,7
split,0,betula DbStream,3,before,0.8926919286942968,0.00019327300105942413,0.7730920042376965,6
split,0,betula DbStream,4,before,0.8641340612974947,0.00021978299628244713,0.8791319851297885,7
split,0,betula DbStream,5,before,0.8799585214706305,0.00026730199897428975,1.069207995897159,5
split,0,betula DbStream,6,before,0.8862048884823371,0.0003369030018802732,1.347612007521093,4
split,0,betula DbStream,7,before,0.8798381490921608,0.0004237059984006919,1.6948239936027676,5
split,0,betula DbStream,8,after,0.6274596350596902,0.00015589300164720044,0.6235720065888017,12
split,0,betula DbStream,9,after,0.6217149018802439,0.0001945850017364137,0.7783400069456547,11
split,0,betula DbStream,10,after,0.7677729266209344,0.00021146800281712785,0.8458720112685114,12
split,0,betula DbStream,11,after,0.7259567807797892,0.0002805170006467961,1.1220680025871843,13
split,0,betula DbStream,12,after,0.726275292888223,0.0002702980054891668,1.0811920219566673,13
split,0,betula DbStream,13,after,0.7058069231514422,0.0003126779993181117,1.2507119972724468,15
split,0,betula DbStream,14,after,0.7506652524298468,0.0003487050053081475,1.39482002123259,12
split,0,betula DbStream,15,after,0.7102609967423931,0.00041457900078967214,1.6583160031586885,11
split,0,river DBSTREAM,0,before,0.33899485643686117,0.0019895900040864944,7.958360016345978,12
split,0,river DBSTREAM,1,before,0.22194484657776076,0.0028796230035368353,11.518492014147341,17
split,0,river DBSTREAM,2,before,0.21668137300247386,0.003467829003056977,13.871316012227908,19
split,0,river DBSTREAM,3,before,0.20144764313132127,0.003769825998460874,15.079303993843496,21
split,0,river DBSTREAM,4,before,0.17344019904420022,0.004293088997656014,17.172355990624055,24
split,0,river DBSTREAM,5,before,0.18344752185244997,0.004634209995856509,18.536839983426034,24
split,0,river DBSTREAM,6,before,0.17455297861558192,0.004676659998949617,18.70663999579847,24
split,0,river DBSTREAM,7,before,0.1707321283902833,0.004579879001539666,18.319516006158665,24
split,0,river DBSTREAM,8,after,0.5727382809375386,0.005140381996170618,20.56152798468247,22
split,0,river DBSTREAM,9,after,0.47024613652752045,0.006303688998741563,25.214755994966254,24
split,0,river DBSTREAM,10,after,0.4344646098532254,0.0069081249966984615,27.632499986793846,25
split,0,river DBSTREAM,11,after,0.40923034046019663,0.007454171995050274,29.816687980201095,27
split,0,river DBSTREAM,12,after,0.37865055826688515,0.008048158000747208,32.19263200298883,32
split,0,river DBSTREAM,13,after,0.35325308390993865,0.008591760000854265,34.36704000341706,33
split,0,river DBSTREAM,14,after,0.29519666031741515,0.008888147000106983,35.55258800042793,37
split,0,river DBSTREAM,15,after,0.3323718041566172,0.009226864000083879,36.907456000335515,34
split,0,river CluStream,0,before,1.0,0.05602507200092077,224.1002880036831,3
split,0,river CluStream,1,before,1.0,0.0825334700057283,330.1338800229132,3
split,0,river CluStream,2,before,1.0,0.06218651300150668,248.74605200602673,3
split,0,river CluStream,3,before,1.0,0.04655027099943254,186.20108399773017,3
split,0,river CluStream,4,before,1.0,0.042391855000460055,169.56742000184022,3
split,0,river CluStream,5,before,1.0,0.027885616997082252,111.54246798832901,3
split,0,river CluStream,6,before,1.0,0.02972557600151049,118.90230400604196,3
split,0,river CluStream,7,before,1.0,0.03186588900280185,127.4635560112074,3
split,0,river CluStream,8,after,0.5724599671313936,0.06203606000053696,248.14424000214785,3
split,0,river CluStream,9,after,0.567931347475861,0.05049113899440272,201.96455597761087,3
split,0,river CluStream,10,after,0.5659344157243984,0.04332911700475961,173.31646801903844,3
split,0,river CluStream,11,after,0.5478436030932439,0.032268306000332814,129.07322400133125,3
split,0,river CluStream,12,after,0.46930113768369847,0.03156410100200446,126.25640400801785,3
split,0,river CluStream,13,after,0.5230713042035605,0.0409755930013489,163.9023720053956,3
split,0,river CluStream,14,after,0.5495134409775813,0.019489214006171096,77.95685602468438,3
split,0,river CluStream,15,after,0.5609154536607545,0.02588163000473287,103.52652001893148,3
split,1,betula DenStream,0,before,0.6280560437377098,4.817100125364959e-05,0.19268400501459837,3
split,1,betula DenStream,1,before,0.726439285406212,2.961500285891816e-05,0.11846001143567264,3
split,1,betula DenStream,2,before,0.7328863291692326,2.8403002943377942e-05,0.11361201177351177,3
split,1,betula DenStream,3,before,0.8096947436382665,2.9074995836708695e-05,0.11629998334683478,3
split,1,betula DenStream,4,before,0.7803389842794777,2.877399674616754e-05,0.11509598698467016,3
split,1,betula DenStream,5,before,0.7370029747686243,2.9454997275024652e-05,0.11781998910009861,3
split,1,betula DenStream,6,before,0.7275780406773273,2.8854999982286245e-05,0.11541999992914498,3
split,1,betula DenStream,7,before,0.8339288279304983,2.928500180132687e-05,0.11714000720530748,3
split,1,betula DenStream,8,after,0.4389148908554799,4.6827997721266e-05,0.187311990885064,8
split,1,betula DenStream,9,after,0.4577539985249793,4.156799695920199e-05,0.16627198783680797,5
split,1,betula DenStream,10,after,0.449204925146102,4.012599674751982e-05,0.16050398699007928,5
split,1,betula DenStream,11,after,0.43408899952668845,4.300100408727303e-05,0.17200401634909213,4
split,1,betula DenStream,12,after,0.5549090148927543,4.174800415057689e-05,0.16699201660230756,4
split,1,betula DenStream,13,after,0.5134662988885177,4.826099757337943e-05,0.1930439902935177,4
split,1,betula DenStream,14,after,0.48692877593571343,4.216900561004877e-05,0.16867602244019508,4
split,1,betula DenStream,15,after,0.5301550920846898,4.30510044679977e-05,0.1722040178719908,4
split,1,river DenStream,0,before,0.26648460089309106,0.0011392319938750006,4.5569279755000025,16
split,1,river DenStream,1,before,0.24595400583265883,0.0011267480003880337,4.506992001552135,16
split,1,river DenStream,2,before,0.2645119919777859,0.001111559002310969,4.446236009243876,16
split,1,river DenStream,3,before,0.27668906782785013,0.001118281994422432,4.473127977689728,16
split,1,river DenStream,4,before,0.24706599207215432,0.0011386010010028258,4.554404004011303,16
split,1,river DenStream,5,before,0.2509421969437704,0.001117810999858193,4.471243999432772,16
split,1,river DenStream,6,before,0.2579986284208019,0.0011024820050806738,4.409928020322695,16
split,1,river DenStream,7,before,0.25486456069703145,0.0011157370026921853,4.462948010768741,16
split,1,river DenStream,8,after,0.7636158573582372,0.0011500219989102334,4.6000879956409335,15
split,1,river DenStream,9,after,0.8413225119790346,0.001207380002597347,4.829520010389388,15
split,1,river DenStream,10,after,0.8687766654082023,0.0012364139984128997,4.945655993651599,13
split,1,river DenStream,11,after,0.8855197586959047,0.0012793850037269294,5.117540014907718,12
split,1,river DenStream,12,after,0.8718383366847648,0.0012619419940165244,5.047767976066098,14
split,1,river DenStream,13,after,0.8471469628768119,0.00125980799930403,5.03923199721612,15
split,1,river DenStream,14,after,0.8510914134970612,0.0012548689992399886,5.0194759969599545,13
split,1,river DenStream,15,after,0.8845935915510239,0.0012542880067485385,5.017152026994154,16
split,1,betula DbStream,0,before,0.6886805224489222,8.11220015748404e-05,0.3244880062993616,7
split,1,betula DbStream,1,before,0.8447468054999022,9.622100333217531e-05,0.38488401332870126,8
split,1,betula DbStream,2,before,0.9248113775935278,0.00013613599730888382,0.5445439892355353,5
split,1,betula DbStream,3,before,0.9256543048099308,0.00019319399871164933,0.7727759948465973,5
split,1,betula DbStream,4,before,0.8182970197013928,0.00022896000155014917,0.9158400062005967,8
split,1,betula DbStream,5,before,0.8561160352600478,0.00027779199444921687,1.1111679777968675,7
split,1,betula DbStream,6,before,0.8935128065072372,0.000360948994057253,1.443795976229012,7
split,1,betula DbStream,7,before,0.898119107157337,0.00041604199941502884,1.6641679976601154,5
split,1,betula DbStream,8,after,0.6178817157210081,0.000158729002578184,0.634916010312736,17
split,1,betula DbStream,9,after,0.6907166005868399,0.00018748299771687016,0.7499319908674806,10
split,1,betula DbStream,10,after,0.5742139217535419,0.0002234900020994246,0.8939600083976984,10
split,1,betula DbStream,11,after,0.5757721231879893,0.0002918480022344738,1.1673920089378953,12
split,1,betula DbStream,12,after,0.6089091240857124,0.0002877410006476566,1.1509640025906265,11
split,1,betula DbStream,13,after,0.584236945432993,0.00032253599783871323,1.290143991354853,11
split,1,betula DbStream,14,after,0.6022682197096206,0.0003568799947970547,1.4275199791882187,10
split,1,betula DbStream,15,after,0.6494333104042591,0.0004227339959470555,1.690935983788222,10
split,1,river DBSTREAM,0,before,0.4216824481885468,0.0017417939961887896,6.967175984755158,11
split,1,river DBSTREAM,1,before,0.24252967010346893,0.0031048659948282875,12.41946397931315,17
split,1,river DBSTREAM,2,before,0.21293663120522902,0.003910570994776208,15.642283979104832,23
split,1,river DBSTREAM,3,before,0.18938728047797443,0.00456644399673678,18.26577598694712,24
split,1,river DBSTREAM,4,before,0.1736354646122125,0.004808989993762225,19.2359599750489,25
split,1,river DBSTREAM,5,before,0.17402968983425335,0.004971404996467754,19.885619985871017,25
split,1,river DBSTREAM,6,before,0.16913489065187057,0.005180357999051921,20.721431996207684,28
split,1,river DBSTREAM,7,before,0.14933501905946975,0.00553257000137819,22.13028000551276,28
split,1,river DBSTREAM,8,after,0.6182644378541393,0.006313007004791871,25.252028019167483,25
split,1,river DBSTREAM,9,after,0.49912325935905016,0.00745035400177585,29.8014160071034,25
split,1,river DBSTREAM,10,after,0.39938804800408845,0.007856738004193176,31.426952016772702,31
split,1,river DBSTREAM,11,after,0.33004202435918495,0.00831988899881253,33.27955599525012,33
split,1,river DBSTREAM,12,after,0.33035983460664753,0.009148948003712576,36.5957920148503,34
split,1,river DBSTREAM,13,after,0.2804890711520497,0.009344646001409274,37.378584005637094,39
split,1,river DBSTREAM,14,after,0.29616743992966277,0.009515937003016006,38.063748012064025,35
split,1,river DBSTREAM,15,after,0.289594955855507,0.009642315002565738,38.56926001026295,37
split,1,river CluStream,0,before,1.0,0.060832888004370034,243.33155201748013,3
split,1,river CluStream,1,before,1.0,0.08440324499679264,337.61297998717055,3
split,1,river CluStream,2,before,1.0,0.055939090001629665,223.75636000651866,3
split,1,river CluStream,3,before,1.0,0.054713907004042994,218.85562801617198,3
split,1,river CluStream,4,before,1.0,0.04037520400015637,161.5008160006255,3
split,1,river CluStream,5,before,1.0,0.035194044998206664,140.77617999282666,3
split,1,river CluStream,6,before,1.0,0.028362113000184763,113.44845200073905,3
split,1,river CluStream,7,before,1.0,0.037779024001793005,151.11609600717202,3
split,1,river CluStream,8,after,0.550454671422507,0.06793829499656567,271.7531799862627,3
split,1,river CluStream,9,after,0.5690987504974382,0.053661979000025894,214.64791600010358,3
split,1,river CluStream,10,after,0.5694833981100632,0.04480476000026101,179.21904000104405,3
split,1,river CluStream,11,after,0.5654003524423383,0.026481617998797446,105.92647199518979,3
split,1,river CluStream,12,after,0.5673663365468605,0.025989793000917416,103.95917200366966,3
split,1,river CluStream,13,after,0.5662957891249047,0.029505402002541814,118.02160801016726,3
split,1,river CluStream,14,after,0.56730759139984,0.02878201299608918,115.12805198435672,3
split,1,river CluStream,15,after,0.5555179251135237,0.04268400299770292,170.73601199081168,3
split,2,betula DenStream,0,before,0.6351718839758366,4.710799839813262e-05,0.1884319935925305,4
split,2,betula DenStream,1,before,0.6744160544049922,2.535800012992695e-05,0.1014320005197078,3
split,2,betula DenStream,2,before,0.7054104064958545,2.5026994990184903e-05,0.10010797996073961,3
split,2,betula DenStream,3,before,0.5694101584443717,2.5367000489495695e-05,0.10146800195798278,3
split,2,betula DenStream,4,before,0.5942767841382854,2.445599966449663e-05,0.09782399865798652,3
split,2,betula DenStream,5,before,0.6485420856548353,2.5007000658661127e-05,0.10002800263464451,3
split,2,betula DenStream,6,before,0.6803513215419242,2.5827997887972742e-05,0.10331199155189097,3
split,2,betula DenStream,7,before,0.6188856598764769,2.5187997380271554e-05,0.10075198952108622,3
split,2,betula DenStream,8,after,0.36770736562039935,4.5606000639963895e-05,0.18242400255985558,9
split,2,betula DenStream,9,after,0.48178570112667163,3.903299511875957e-05,0.1561319804750383,8
split,2,betula DenStream,10,after,0.5385650377684497,4.15479953517206e-05,0.1661919814068824,7
split,2,betula DenStream,11,after,0.5747657891079487,4.022599750896916e-05,0.16090399003587663,7
split,2,betula DenStream,12,after,0.701465176653441,4.005500522907823e-05,0.16022002091631293,6
split,2,betula DenStream,13,after,0.5062618492335815,4.050599818583578e-05,0.16202399274334311,5
split,2,betula DenStream,14,after,0.5370758051590708,4.022600478492677e-05,0.1609040191397071,5
split,2,betula DenStream,15,after,0.6276619663470553,4.10370048484765e-05,0.164148019393906,6
split,2,river DenStream,0,before,0.2704827921557989,0.001140123997174669,4.560495988698676,15
split,2,river DenStream,1,before,0.3024107332535241,0.001109354998334311,4.437419993337244,15
split,2,river DenStream,2,before,0.2715732517908957,0.0010625469949445687,4.250187979778275,15
split,2,river DenStream,3,before,0.27424563469947727,0.001084108000213746,4.336432000854984,15
split,2,river DenStream,4,before,0.267193098826091,0.0010734780007624067,4.293912003049627,15
split,2,river DenStream,5,before,0.25644021002048745,0.0010986960041918792,4.394784016767517,15
split,2,river DenStream,6,before,0.2861285427523318,0.0011010989983333275,4.40439599333331,15
split,2,river DenStream,7,before,0.27939354773140107,0.001106600000639446,4.426400002557784,15
split,2,river DenStream,8,after,0.9121095768934362,0.0011015109994332306,4.406043997732922,11
split,2,river DenStream,9,after,0.9531977566592676,0.0010987350033246912,4.394940013298765,11
split,2,river DenStream,10,after,0.9717422643938096,0.0011041760008083656,4.416704003233463,8
split,2,river DenStream,11,after,0.9448041669675046,0.0011011800015694462,4.404720006277785,12
split,2,river DenStream,12,after,0.9757953666533641,0.0011151959988637827,4.460783995455131,11
split,2,river DenStream,13,after,0.9661698155164778,0.0011071009939769283,4.428403975907713,11
split,2,river DenStream,14,after,0.9478124685040431,0.0011013600014848635,4.405440005939454,12
split,2,river DenStream,15,after,0.9657990416085181,0.0011046159997931682,4.418463999172673,9
split,2,betula DbStream,0,before,0.7425939725102012,0.00010465599916642532,0.41862399666570127,7
split,2,betula DbStream,1,before,0.9062863345065828,0.00011080800322815776,0.44323201291263103,4
split,2,betula DbStream,2,before,0.8788029136161816,0.00014696600555907935,0.5878640222363174,6
split,2,betula DbStream,3,before,0.8660921190582774,0.00017792399739846587,0.7116959895938635,5
split,2,betula DbStream,4,before,0.9108689146813436,0.00021647700486937538,0.8659080194775015,5
split,2,betula DbStream,5,before,0.8817327761148821,0.00023543299903394654,0.9417319961357862,6
split,2,betula DbStream,6,before,0.90938493049865,0.00028581699734786525,1.143267989391461,8
split,2,betula DbStream,7,before,0.8557910770036656,0.0003835110037471168,1.534044014988467,10
split,2,betula DbStream,8,after,0.5160725850379255,0.0001441509957658127,0.5766039830632508,19
split,2,betula DbStream,9,after,0.7688982162048016,0.0001761110033839941,0.7044440135359764,13
split,2,betula DbStream,10,after,0.7251602759372059,0.00020206000044709072,0.8082400017883629,10
split,2,betula DbStream,11,after,0.6060342914227298,0.0002603089960757643,1.0412359843030572,14
split,2,betula DbStream,12,after,0.6247101731838253,0.00023833800514694303,0.9533520205877721,11
split,2,betula DbStream,13,after,0.5813257078945662,0.00025617099890951067,1.0246839956380427,10
split,2,betula DbStream,14,after,0.4639547305321868,0.00028726999880746007,1.1490799952298403,6
split,2,betula DbStream,15,after,0.6440295448162456,0.0003586249949876219,1.4344999799504876,8
split,2,river DBSTREAM,0,before,0.2705955392983147,0.002428143998258747,9.712575993034989,16
split,2,river DBSTREAM,1,before,0.2349849402458598,0.003402936999918893,13.611747999675572,20
split,2,river DBSTREAM,2,before,0.20081156294717722,0.00418724100018153,16.74896400072612,23
split,2,river DBSTREAM,3,before,0.18176492533421804,0.0046632259982288815,18.652903992915526,24
split,2,river DBSTREAM,4,before,0.19638786605293346,0.004689303998020478,18.75721599208191,23
split,2,river DBSTREAM,5,before,0.19374326092888924,0.004785295001056511,19.141180004226044,25
split,2,river DBSTREAM,6,before,0.18323678074467992,0.0050870720006059855,20.348288002423942,26
split,2,river DBSTREAM,7,before,0.14563012458495317,0.005521257997315843,22.08503198926337,31
split,2,river DBSTREAM,8,after,0.6753292318304158,0.006673765004961751,26.695060019847006,24
split,2,river DBSTREAM,9,after,0.39788907046885114,0.008137846998579334,32.55138799431734,34
split,2,river DBSTREAM,10,after,0.3295714184928854,0.009243645996320993,36.97458398528397,32
split,2,river DBSTREAM,11,after,0.2936811253499932,0.009936939000908751,39.747756003635004,39
split,2,river DBSTREAM,12,after,0.2817591124405384,0.010238244998618029,40.952979994472116,37
split,2,river DBSTREAM,13,after,0.2560949340508414,0.010585787997115403,42.343151988461614,42
split,2,river DBSTREAM,14,after,0.26538373399400694,0.010736682001152076,42.9467280046083,44
split,2,river DBSTREAM,15,after,0.2697358404715774,0.010956325000734068,43.825300002936274,43
split,2,river CluStream,0,before,1.0,0.057435693001025356,229.74277200410143,3
split,2,river CluStream,1,before,1.0,0.07458226399467094,298.32905597868375,3
split,2,river CluStream,2,before,1.0,0.0654758460004814,261.9033840019256,3
split,2,river CluStream,3,before,1.0,0.044767038998543285,179.06815599417314,3
split,2,river CluStream,4,before,1.0,0.04066530900308862,162.6612360123545,3
split,2,river CluStream,5,before,1.0,0.034977338000317104,139.90935200126842,3
split,2,river CluStream,6,before,1.0,0.02717032299551647,108.68129198206589,3
split,2,river CluStream,7,before,1.0,0.030721448005351704,122.88579202140681,3
split,2,river CluStream,8,after,0.5738655148875739,0.06240034499933245,249.6013799973298,3
split,2,river CluStream,9,after,0.5667232825226285,0.058137300999078434,232.54920399631374,3
split,2,river CluStream,10,after,0.5688110520011491,0.04421916900173528,176.87667600694112,3
split,2,river CluStream,11,after,0.5103581124719825,0.031206699000904337,124.82679600361735,3
split,2,river CluStream,12,after,0.5072368596423548,0.031144221997237764,124.57688798895106,3
split,2,river CluStream,13,after,0.4984887139109027,0.03793883399339393,151.7553359735757,3
split,2,river CluStream,14,after,0.5650545311268891,0.0285151800053427,114.0607200213708,3
split,2,river CluStream,15,after,0.5478445026644464,0.04037841000535991,161.51364002143964,3
