dataset,n,method,time_s,n_clusters,noise_frac,ARI,AMI,V,silhouette,medoid_silhouette,davies_bouldin,calinski_harabasz,error
digits,1797,betula-kmeans,0.0218268749886192,10.0,0.0,0.467026404456856,0.6237510199162738,0.6276658777978884,0.142047829162909,0.388639167568546,1.8755707307738452,113.72318270257196,
digits,1797,betula-gmm,0.5235060950071784,10.0,0.0,0.4613285443791076,0.620351484758529,0.624217948749868,0.1113098365965604,0.2790138440125985,2.1874858122858685,94.48411355970728,
digits,1797,betula-gmm-full,11.799382657001845,10.0,0.0,0.5751577883354841,0.701091406543959,0.7041798103775208,0.1264004583100121,0.3652731193775719,2.019321692849892,102.57557341103691,
digits,1797,betula-ward,0.1223522990039782,10.0,0.0,0.6428099608243005,0.7719012371357887,0.7741586577554125,0.122236268082964,0.3446538332232123,1.897919706830254,102.79842619519007,
digits,1797,betula-spectral,0.1956812240096042,10.0,0.0,0.6688405316550322,0.7684686856642909,0.7708066183722613,0.1294092720181647,0.3701784370769522,2.0230926444690978,102.73629400914724,
digits,1797,betula-leiden,0.0260538889997405,12.0,0.0,0.7805886579865807,0.8310801628676556,0.8331639400477528,0.1071679743948414,0.3425937927846941,2.0752439280960018,89.16200750807262,
digits,1797,betula-hdbscan,0.0743361100030597,7.0,0.5804117974401781,0.1639316740361119,0.5161654111012332,0.5208012847304709,0.2730431045766913,0.57357010778951,1.4757459247886455,133.69343863441975,
digits,1797,sklearn-kmeans,0.0417798679991392,10.0,0.0,0.4679268850431874,0.6228474847427049,0.6267741408963476,0.1463069230312264,0.3926763261936845,1.8947458033424012,115.02305058650934,
digits,1797,sklearn-minibatch,0.0152810019935714,10.0,0.0,0.528287727196969,0.6418573268593007,0.645577492112095,0.1074918955400677,0.3404249673383627,2.192122435122826,98.70611571795452,
digits,1797,sklearn-birch,0.1294165660074213,10.0,0.0,0.6643458356002894,0.7934927361004465,0.7955873641548867,0.1253252777919698,0.3396242766598912,1.9671781554189507,105.82516364183334,
digits,1797,sklearn-gmm,0.3031242930010194,10.0,0.0,0.4626427944708444,0.6393861554737397,0.6432449999888498,0.1305822035215654,0.3585269769644667,2.0314482629204167,105.8198743661788,
digits,1797,sklearn-ward,0.0687503100052708,10.0,0.0,0.6643458356002894,0.7934927361004465,0.7955873641548867,0.1253252777919698,0.3396242766598912,1.9671781554189507,105.82516364183334,
digits,1797,sklearn-hdbscan,0.23279911201098,7.0,0.6054535336672231,0.1485108609198038,0.5054312939465465,0.5102930079614506,0.2848710257527782,0.5903640153754263,1.4256112194214288,136.08531155186196,
mnist,20000,betula-kmeans,1.1347883720009122,10.0,0.0,0.3068730183810452,0.4383763753128215,0.4388968358768516,0.0031767031866695,0.1567071279986189,3.3753925251885284,409.2695421597262,
mnist,20000,betula-gmm,4.690335674007656,10.0,0.0,0.234439582301432,0.3701432569862798,0.3707159608073595,-0.0621255399455019,0.0540416157619271,3.736233971734848,326.4290900928029,
mnist,20000,betula-gmm-full,,,,,,,,,,,"skipped (full cov, high-d)"
mnist,20000,betula-ward,3.618324966009823,10.0,0.0,0.377427023783042,0.4931590392521919,0.4936209505425092,-0.0329638074051131,0.0975189664920475,3.7900343708640793,351.759646261227,
mnist,20000,betula-spectral,1.3017271510034334,10.0,0.0,0.1013352697057536,0.2829060065314464,0.2836583200044444,0.0476620170804029,0.0198731022356892,4.1721909943252,243.75324952116816,
mnist,20000,betula-leiden,0.3636249639966991,15.0,0.0,0.0045338746401909,0.1094204606591707,0.1112960694812868,0.2598671276450039,0.2900171547468574,2.8046453967410656,126.7634734946498,
mnist,20000,betula-hdbscan,1.746720849987469,49.0,0.2897,0.116517434952009,0.4125002088892363,0.4149658542513208,0.0534385561017293,0.1612643927965533,2.810220806200485,199.84531253385344,
mnist,20000,sklearn-kmeans,8.383300690999022,10.0,0.0,0.3243654991825125,0.4347354866076107,0.4352461630694851,0.0091656972659649,0.1734935793189975,3.3092770772615703,424.5468159388037,
mnist,20000,sklearn-minibatch,0.1260944839887088,10.0,0.0,0.2863203146252148,0.4055030040979062,0.4060494528494231,-0.0024496688512323,0.1466449458144192,3.508765113577076,382.8287262573601,
mnist,20000,sklearn-birch,70.47589901498577,10.0,0.0,0.4257128440663819,0.5651082553812622,0.5655057231290579,-0.0271597125245069,0.0911869510810973,3.794420175821004,344.4068837315408,
mnist,20000,sklearn-gmm,,,,,,,,,,,"skipped (full cov, high-d)"
mnist,20000,sklearn-ward,,,,,,,,,,,skipped (O(N^2))
mnist,20000,sklearn-hdbscan,,,,,,,,,,,skipped (O(N^2))
covtype,20000,betula-kmeans,0.0762115139950765,7.0,0.0,0.0739136781960576,0.1595754688274876,0.1601328237617555,0.1211354413771195,0.4143759548620239,2.2289500891975464,739.1543606935535,
covtype,20000,betula-gmm,0.1050917469983687,7.0,0.0,0.0762103736377897,0.1822293056305482,0.1827517944718457,0.1218106954982172,0.4043658663416867,2.4747456699209134,724.5774155908485,
covtype,20000,betula-gmm-full,2.522199915998499,7.0,0.0,0.0762103736377897,0.1930402391726312,0.193550156134568,0.1218106954982172,0.4028145149937823,2.442544578662409,724.5774155908485,
covtype,20000,betula-ward,0.4169077419937821,7.0,0.0,0.0909904836839614,0.2020603247799231,0.2025316508895044,0.0813846182012772,0.3505396833449425,2.703269108947072,757.9171297569178,
covtype,20000,betula-spectral,0.5384854549920419,7.0,0.0,0.0643585587381618,0.0910795558306533,0.0917605253522493,0.0820113947747572,0.1741477285902005,2.5538120380402844,418.3796306404941,
covtype,20000,betula-leiden,0.0578487199964001,38.0,0.0,0.055691310321634,0.1956859165966945,0.1976650622434338,0.427770081320089,0.7348907552157199,0.6901209891607912,1791.2361686717445,
covtype,20000,betula-hdbscan,0.2821330650040181,43.0,0.0162,0.0518678443034886,0.1868927241011383,0.189402836710597,0.4014775461668769,0.723242588861098,0.9207012987259688,2052.5047964093683,
covtype,20000,sklearn-kmeans,0.1326437930110842,7.0,0.0,0.0539173936491483,0.1751795665193808,0.1757342524249114,0.1108042123759059,0.4162440744853227,2.201753600440552,751.7020988003255,
covtype,20000,sklearn-minibatch,0.0166523099906044,7.0,0.0,0.0519218874938722,0.1466345145810066,0.1472013328530372,0.0614330446754238,0.2803173814943709,2.6785457548243485,680.0018455671507,
covtype,20000,sklearn-birch,4.142038117002812,7.0,0.0,0.1306246382611588,0.2100298505923734,0.2105762624595726,0.1127706188109704,0.3317500377812859,2.139893328369424,723.3148239454134,
covtype,20000,sklearn-gmm,0.5464828160038451,7.0,0.0,0.080095892448966,0.1932771905536842,0.1938276962157691,0.105777073685767,0.3866697706498126,2.1411143703093662,713.5604678433766,
covtype,20000,sklearn-ward,,,,,,,,,,,skipped (O(N^2))
covtype,20000,sklearn-hdbscan,,,,,,,,,,,skipped (O(N^2))
