dataset,n,max_leaves,distance,head,seeds,ari,ari_min,ari_max,leaves,compression,max_leaf_weight,mean_sq_radius,time_s
digits,1797,4000,euclidean,kmeans,3,0.46702640445685606,0.4426537509737247,0.5712701643077048,1797,1.0,1.0,0.0,0.021221112008788623
digits,1797,4000,euclidean,gmm,3,0.46132854437910764,0.46132854437910764,0.46132854437910764,1797,1.0,1.0,0.0,1.339048975991318
digits,1797,4000,manhattan,kmeans,3,0.46702640445685606,0.4426537509737247,0.5712701643077048,1797,1.0,1.0,0.0,0.019455683999694884
digits,1797,4000,manhattan,gmm,3,0.46132854437910764,0.46132854437910764,0.46132854437910764,1797,1.0,1.0,0.0,1.365626226994209
digits,1797,4000,ward,kmeans,3,0.46702640445685606,0.4426537509737247,0.5712701643077048,1797,1.0,1.0,0.0,0.020650509992265143
digits,1797,4000,ward,gmm,3,0.46132854437910764,0.46132854437910764,0.46132854437910764,1797,1.0,1.0,0.0,1.3587769409932662
digits,1797,4000,average,kmeans,3,0.46702640445685606,0.4426537509737247,0.5712701643077048,1797,1.0,1.0,0.0,0.021070418995805085
digits,1797,4000,average,gmm,3,0.46132854437910764,0.46132854437910764,0.46132854437910764,1797,1.0,1.0,0.0,1.367026118998183
digits,1797,1797,euclidean,kmeans,3,0.46702640445685606,0.4426537509737247,0.5712701643077048,1797,1.0,1.0,0.0,0.021032286997069605
digits,1797,1797,euclidean,gmm,3,0.46132854437910764,0.46132854437910764,0.46132854437910764,1797,1.0,1.0,0.0,1.3589358899916988
digits,1797,1797,euclidean,ward,3,0.6428099608243005,0.6428099608243005,0.6428099608243005,1797,1.0,1.0,0.0,0.10935384700133
digits,1797,1797,manhattan,kmeans,3,0.46702640445685606,0.4426537509737247,0.5712701643077048,1797,1.0,1.0,0.0,0.021747592007159255
digits,1797,1797,manhattan,gmm,3,0.46132854437910764,0.46132854437910764,0.46132854437910764,1797,1.0,1.0,0.0,1.3074689110071631
digits,1797,1797,manhattan,ward,3,0.6175832187097621,0.6175832187097621,0.6175832187097621,1797,1.0,1.0,0.0,0.10560460900887847
digits,1797,1797,ward,kmeans,3,0.46702640445685606,0.4426537509737247,0.5712701643077048,1797,1.0,1.0,0.0,0.02093454399437178
digits,1797,1797,ward,gmm,3,0.46132854437910764,0.46132854437910764,0.46132854437910764,1797,1.0,1.0,0.0,1.365115988010075
digits,1797,1797,ward,ward,3,0.652541441343393,0.652541441343393,0.652541441343393,1797,1.0,1.0,0.0,0.10438319398963358
digits,1797,1797,average,kmeans,3,0.46702640445685606,0.4426537509737247,0.5712701643077048,1797,1.0,1.0,0.0,0.02185081600327976
digits,1797,1797,average,gmm,3,0.46132854437910764,0.46132854437910764,0.46132854437910764,1797,1.0,1.0,0.0,1.3674911330017494
digits,1797,1797,average,ward,3,0.6224058685395193,0.6224058685395193,0.6224058685395193,1797,1.0,1.0,0.0,0.10741047500050627
digits,1797,900,euclidean,kmeans,3,0.5599927887519575,0.5481650465886548,0.5729305488379614,898,2.0011135857461024,54.0,4.688567646781835,0.01171336900733877
digits,1797,900,euclidean,gmm,3,0.4402738361523622,0.38791604738834007,0.4402738361523622,898,2.0011135857461024,54.0,4.688567646781835,0.46995339599379804
digits,1797,900,euclidean,ward,3,0.6819414998332468,0.6819414998332468,0.6819414998332468,898,2.0011135857461024,54.0,4.688567646781835,0.03209885100659449
digits,1797,900,manhattan,kmeans,3,0.5467935533488227,0.4948388286840708,0.5838352348993013,819,2.1941391941391943,58.0,5.581975464682807,0.012451056012650952
digits,1797,900,manhattan,gmm,3,0.3873737949119469,0.3873737949119469,0.4819854340688629,819,2.1941391941391943,58.0,5.581975464682807,0.4731981359946076
digits,1797,900,manhattan,ward,3,0.6243536655515894,0.6243536655515894,0.6243536655515894,819,2.1941391941391943,58.0,5.581975464682807,0.02687478000007104
digits,1797,900,ward,kmeans,3,0.5478065376962231,0.5241886070028262,0.5583770855254683,828,2.170289855072464,24.0,4.538090409883827,0.012137536003137939
digits,1797,900,ward,gmm,3,0.4537130744162066,0.42997214545630724,0.4540813619204852,828,2.170289855072464,24.0,4.538090409883827,0.5105940240027849
digits,1797,900,ward,ward,3,0.6667063811269338,0.6667063811269338,0.6667063811269338,828,2.170289855072464,24.0,4.538090409883827,0.027395969998906367
digits,1797,900,average,kmeans,3,0.5488528932947957,0.5356471179164114,0.5582186907067072,811,2.215782983970407,48.0,5.473285099818065,0.012354053993476555
digits,1797,900,average,gmm,3,0.47573048745132807,0.4513893574151415,0.47573048745132807,811,2.215782983970407,48.0,5.473285099818065,0.3276708890043665
digits,1797,900,average,ward,3,0.650983552137736,0.650983552137736,0.650983552137736,811,2.215782983970407,48.0,5.473285099818065,0.02683311099826824
digits,1797,450,euclidean,kmeans,3,0.5240674425504181,0.4747225439682748,0.5729360348545756,427,4.208430913348946,160.0,12.474650465556103,0.007303720005438663
digits,1797,450,euclidean,gmm,3,0.548464646551652,0.548464646551652,0.548464646551652,427,4.208430913348946,160.0,12.474650465556103,0.12449584199930541
digits,1797,450,euclidean,ward,3,0.6196925499968663,0.6196925499968663,0.6196925499968663,427,4.208430913348946,160.0,12.474650465556103,0.009260838996851817
digits,1797,450,manhattan,kmeans,3,0.5550498290970455,0.5515541954051516,0.6060790348991681,435,4.13103448275862,140.0,11.776121785996306,0.007253335003042594
digits,1797,450,manhattan,gmm,3,0.3810187184748487,0.3810187184748487,0.3810187184748487,435,4.13103448275862,140.0,11.776121785996306,0.16884551200200804
digits,1797,450,manhattan,ward,3,0.5398131969435992,0.5398131969435992,0.5398131969435992,435,4.13103448275862,140.0,11.776121785996306,0.009347300991066732
digits,1797,450,ward,kmeans,3,0.5336854731708405,0.5263035113609181,0.5906111749741121,417,4.309352517985611,52.0,8.94778758442751,0.007860277008148842
digits,1797,450,ward,gmm,3,0.4961412041735896,0.4961412041735896,0.4961412041735896,417,4.309352517985611,52.0,8.94778758442751,0.13778694800566882
digits,1797,450,ward,ward,3,0.655449046775492,0.655449046775492,0.655449046775492,417,4.309352517985611,52.0,8.94778758442751,0.009310952998930588
digits,1797,450,average,kmeans,3,0.5497033633160455,0.4847415322911608,0.5858860915604718,417,4.309352517985611,117.0,11.728802457295538,0.007855337011278607
digits,1797,450,average,gmm,3,0.5510463557275264,0.40777510077004975,0.5510463557275264,417,4.309352517985611,117.0,11.728802457295542,0.18287504599720705
digits,1797,450,average,ward,3,0.6073533806375788,0.6073533806375788,0.6073533806375788,417,4.309352517985611,117.0,11.728802457295538,0.009797548002097756
digits,1797,225,euclidean,kmeans,3,0.5628153726078342,0.41572461730789506,0.5670235486911408,218,8.243119266055047,243.0,20.774435369345536,0.004998196003725752
digits,1797,225,euclidean,gmm,3,0.5189879673649054,0.4500276120662476,0.5189879673649054,218,8.243119266055047,243.0,20.774435369345536,0.041933187007089145
digits,1797,225,euclidean,ward,3,0.39088613423960544,0.39088613423960544,0.39088613423960544,218,8.243119266055047,243.0,20.774435369345536,0.005126917996676639
digits,1797,225,manhattan,kmeans,3,0.5297430993319795,0.3965245587019191,0.5453115429798416,225,7.986666666666666,292.0,19.653735715249233,0.005274304989143275
digits,1797,225,manhattan,gmm,3,0.446357590674538,0.38524516908976636,0.46424992497423845,225,7.986666666666666,292.0,19.653735715249233,0.04732891099411063
digits,1797,225,manhattan,ward,3,0.48863230091561816,0.48863230091561816,0.48863230091561816,225,7.986666666666666,292.0,19.653735715249233,0.005162765010027215
digits,1797,225,ward,kmeans,3,0.538158077570562,0.5057274491920931,0.5632782380878953,220,8.168181818181818,73.0,13.240999786040906,0.005084827993414365
digits,1797,225,ward,gmm,3,0.6164472041272092,0.5641838570925903,0.6164472041272092,220,8.168181818181818,73.0,13.240999786040904,0.060801537008956075
digits,1797,225,ward,ward,3,0.6546800020989332,0.6546800020989332,0.6546800020989332,220,8.168181818181818,73.0,13.240999786040906,0.005002133999369107
digits,1797,225,average,kmeans,3,0.5309250791801142,0.43928598562104715,0.542480582384515,217,8.28110599078341,173.0,17.853823175197615,0.005496001002029516
digits,1797,225,average,gmm,3,0.47087662980835476,0.3800375595039944,0.519563039476143,217,8.28110599078341,173.0,17.853823175197615,0.06081791799806524
digits,1797,225,average,ward,3,0.39679464164490613,0.39679464164490613,0.39679464164490613,217,8.28110599078341,173.0,17.853823175197615,0.005625335004879162
digits,1797,112,euclidean,kmeans,3,0.19033357569000575,0.18520338722439952,0.20402097884426842,111,16.18918918918919,605.0,30.71878098034853,0.003452320001088083
digits,1797,112,euclidean,gmm,3,0.2516558300621437,0.22917877516515203,0.2516558300621437,111,16.18918918918919,605.0,30.718780980348537,0.014599854999687523
digits,1797,112,euclidean,ward,3,0.2870033716048669,0.2870033716048669,0.2870033716048669,111,16.18918918918919,605.0,30.71878098034853,0.003069259997573681
digits,1797,112,manhattan,kmeans,3,0.39930684218774704,0.34002390124792936,0.4165897440710382,111,16.18918918918919,494.0,29.60831602088215,0.0036264980008127168
digits,1797,112,manhattan,gmm,3,0.344182980438413,0.344182980438413,0.3615069392637225,111,16.18918918918919,494.0,29.60831602088215,0.017945054001756944
digits,1797,112,manhattan,ward,3,0.2498657282591734,0.2498657282591734,0.2498657282591734,111,16.18918918918919,494.0,29.60831602088215,0.003593735003960319
digits,1797,112,ward,kmeans,3,0.48448229093742506,0.4173507833535579,0.53990215961878,108,16.63888888888889,177.0,19.19367322543385,0.003337263988214545
digits,1797,112,ward,gmm,3,0.5103191602295178,0.47969331351253713,0.5103191602295178,108,16.63888888888889,177.0,19.19367322543385,0.022027487997547723
digits,1797,112,ward,ward,3,0.4949420946519717,0.4949420946519717,0.4949420946519717,108,16.63888888888889,177.0,19.19367322543385,0.003127469011815265
digits,1797,112,average,kmeans,3,0.45695210801844083,0.40350798612681904,0.4620172779148294,105,17.114285714285714,439.0,28.0363886189166,0.004070141003467143
digits,1797,112,average,gmm,3,0.44723680988039305,0.44723680988039305,0.44723680988039305,105,17.114285714285714,439.0,28.0363886189166,0.024567122003645636
digits,1797,112,average,ward,3,0.21742880928991284,0.21742880928991284,0.21742880928991284,105,17.114285714285714,439.0,28.0363886189166,0.003743958004633896
digits,1797,90,euclidean,kmeans,3,0.1785826993214336,0.12799356969104586,0.19250103777577407,89,20.191011235955056,1102.0,34.643699438973286,0.0032574840006418526
digits,1797,90,euclidean,gmm,3,0.20913164859658517,0.20913164859658517,0.27794125807039227,89,20.191011235955056,1102.0,34.64369943897326,0.01193277099810075
digits,1797,90,euclidean,ward,3,0.1101133503699786,0.1101133503699786,0.1101133503699786,89,20.191011235955056,1102.0,34.643699438973286,0.0030220710032153875
digits,1797,90,manhattan,kmeans,3,0.14786268345662973,0.13841429012919734,0.18837221521706615,86,20.8953488372093,758.0,35.39960043164143,0.0034060430043609813
digits,1797,90,manhattan,gmm,3,0.208583387465786,0.208583387465786,0.22597614236462,86,20.8953488372093,758.0,35.39960043164144,0.014027438999619335
digits,1797,90,manhattan,ward,3,0.1562301863548534,0.1562301863548534,0.1562301863548534,86,20.8953488372093,758.0,35.39960043164143,0.003099797002505511
digits,1797,90,ward,kmeans,3,0.5605695355357984,0.5169787238837307,0.6017581931028267,86,20.8953488372093,174.0,19.13270013987064,0.002993165995576419
digits,1797,90,ward,gmm,3,0.5098232663954921,0.5098232663954921,0.5465664167836972,86,20.8953488372093,174.0,19.132700139870632,0.011690496001392603
digits,1797,90,ward,ward,3,0.5798554154392779,0.5798554154392779,0.5798554154392779,86,20.8953488372093,174.0,19.13270013987064,0.0027454409864731133
digits,1797,90,average,kmeans,3,0.4064928742682913,0.4061559523665935,0.4301315295794644,86,20.8953488372093,473.0,28.094429128973065,0.00373236600717064
digits,1797,90,average,gmm,3,0.4232912065464782,0.33228332898542473,0.4232912065464782,86,20.8953488372093,473.0,28.094429128973054,0.018768772002658807
digits,1797,90,average,ward,3,0.39444685042011557,0.39444685042011557,0.39444685042011557,86,20.8953488372093,473.0,28.094429128973065,0.0033979680010816082
digits,1797,45,euclidean,kmeans,3,0.11982691876022221,0.11928188677069389,0.13549857866955106,44,40.84090909090909,1251.0,39.20567162642525,0.0024989380035549402
digits,1797,45,euclidean,gmm,3,0.2566034019873021,0.17165450968865453,0.2566034019873021,44,40.84090909090909,1251.0,39.20567162642527,0.005228499008808285
digits,1797,45,euclidean,ward,3,0.1777887507081806,0.1777887507081806,0.1777887507081806,44,40.84090909090909,1251.0,39.20567162642525,0.002389051005593501
digits,1797,45,manhattan,kmeans,3,0.07587423023294797,0.057592272264266865,0.07625315262405938,42,42.785714285714285,1471.0,43.37529315257861,0.002581431996077299
digits,1797,45,manhattan,gmm,3,0.06735460142350544,0.06581925070682719,0.06735460142350544,42,42.785714285714285,1471.0,43.37529315257861,0.005564409992075525
digits,1797,45,manhattan,ward,3,0.10586681913274522,0.10586681913274522,0.10586681913274522,42,42.785714285714285,1471.0,43.37529315257861,0.002258205000543967
digits,1797,45,ward,kmeans,3,0.5031600382512703,0.49227985907763083,0.552183307914228,41,43.829268292682926,174.0,23.889571569442413,0.0021636269957525656
digits,1797,45,ward,gmm,3,0.5458742000599057,0.5458742000599057,0.5772184893001641,41,43.829268292682926,174.0,23.889571569442417,0.004933784992317669
digits,1797,45,ward,ward,3,0.4583505211512805,0.4583505211512805,0.4583505211512805,41,43.829268292682926,174.0,23.889571569442413,0.002030346993706189
digits,1797,45,average,kmeans,3,0.1640170924220137,0.16186058933124087,0.1653816166629881,41,43.829268292682926,915.0,38.95186005886249,0.0031998960039345548
digits,1797,45,average,gmm,3,0.19871918300201982,0.19871918300201982,0.21503654993125546,41,43.829268292682926,915.0,38.9518600588625,0.010482626006705686
digits,1797,45,average,ward,3,0.12953446597095136,0.12953446597095136,0.12953446597095136,41,43.829268292682926,915.0,38.95186005886249,0.0029897710046498105
covtype-20k,20000,20000,euclidean,kmeans,3,0.0872238310841657,0.08017652026335112,0.09545387291264665,20000,1.0,1.0,0.0,0.17299637499672826
covtype-20k,20000,20000,euclidean,gmm,3,0.1108578942674258,0.08073521358066035,0.1108578942674258,20000,1.0,1.0,0.0,0.9844025780039374
covtype-20k,20000,20000,manhattan,kmeans,3,0.0872238310841657,0.08017652026335112,0.09545387291264665,20000,1.0,1.0,0.0,0.177838357994915
covtype-20k,20000,20000,manhattan,gmm,3,0.1108578942674258,0.08073521358066035,0.1108578942674258,20000,1.0,1.0,0.0,0.9660621009970782
covtype-20k,20000,20000,ward,kmeans,3,0.0872238310841657,0.08017652026335112,0.09545387291264665,20000,1.0,1.0,0.0,0.17820109000604134
covtype-20k,20000,20000,ward,gmm,3,0.1108578942674258,0.08073521358066035,0.1108578942674258,20000,1.0,1.0,0.0,0.9838150330033386
covtype-20k,20000,20000,average,kmeans,3,0.0872238310841657,0.08017652026335112,0.09545387291264665,20000,1.0,1.0,0.0,0.17372150799201336
covtype-20k,20000,20000,average,gmm,3,0.1108578942674258,0.08073521358066035,0.1108578942674258,20000,1.0,1.0,0.0,1.0316348269989248
covtype-20k,20000,8000,euclidean,kmeans,3,0.05890282712264598,0.05593606517787066,0.05975705321224324,7295,2.7416038382453736,77.0,0.40381106829726304,0.10572014599165414
covtype-20k,20000,8000,euclidean,gmm,3,0.09417498683009669,0.09417498683009669,0.09417498683009669,7295,2.7416038382453736,77.0,0.40381106829726304,0.4145289669977501
covtype-20k,20000,8000,manhattan,kmeans,3,0.0834988727149328,0.0783534078909087,0.09444681231492648,7414,2.697599136768276,83.0,0.5056152680640047,0.09730170200055
covtype-20k,20000,8000,manhattan,gmm,3,0.11536284302322068,0.09790642630108914,0.11536284302322068,7414,2.697599136768276,83.0,0.5056152680640045,0.3430173169908812
covtype-20k,20000,8000,ward,kmeans,3,0.08695192542064355,0.07471613051768441,0.10070421291990483,7302,2.7389756231169544,35.0,0.322337906269217,0.10605228100030217
covtype-20k,20000,8000,ward,gmm,3,0.05421878834869363,0.05421878834869363,0.05421878834869363,7302,2.7389756231169544,35.0,0.322337906269217,0.42046925400791224
covtype-20k,20000,8000,average,kmeans,3,0.09613823044309835,0.06693396362277482,0.09711952788564696,7995,2.5015634771732334,59.0,0.4557988390463228,0.11284719499235507
covtype-20k,20000,8000,average,gmm,3,0.11477488392652443,0.11477488392652443,0.11477488392652443,7995,2.5015634771732334,59.0,0.4557988390463228,0.5566571459930856
covtype-20k,20000,4000,euclidean,kmeans,3,0.06612745365040923,0.06095195832033134,0.07805169184817322,3780,5.291005291005291,226.0,1.0018662785626613,0.08079010300571099
covtype-20k,20000,4000,euclidean,gmm,3,0.14533630985480228,0.14533630985480228,0.14533630985480228,3780,5.291005291005291,226.0,1.0018662785626613,0.21649450399854686
covtype-20k,20000,4000,manhattan,kmeans,3,0.09243900629533845,0.06677131387269519,0.09690059224918701,3818,5.238344683080147,216.0,1.1547077874725862,0.0747178680030629
covtype-20k,20000,4000,manhattan,gmm,3,0.06802254460070183,0.06802254460070183,0.06802254460070183,3818,5.238344683080147,216.0,1.1547077874725862,0.24788941199949477
covtype-20k,20000,4000,ward,kmeans,3,0.08530732635264399,0.03635235356145336,0.09321862658694823,3680,5.434782608695652,101.0,0.7579694623343983,0.0804289340012474
covtype-20k,20000,4000,ward,gmm,3,0.09332264573071243,0.09332264573071243,0.1015970651980179,3680,5.434782608695652,101.0,0.7579694623343983,0.2424545450048754
covtype-20k,20000,4000,average,kmeans,3,0.09007334398785748,0.07763846849247495,0.09846505873389323,3641,5.492996429552321,186.0,1.2086816399144997,0.07808695099083707
covtype-20k,20000,4000,average,gmm,3,0.11176919768786747,0.10344261094897184,0.11176919768786747,3641,5.492996429552321,186.0,1.2086816399144997,0.28816231900418643
covtype-20k,20000,2000,euclidean,kmeans,3,0.08245440624742006,0.04941071091379971,0.09109320836934788,1805,11.0803324099723,793.0,2.1193626263695355,0.05502229300327599
covtype-20k,20000,2000,euclidean,gmm,3,0.07025667961214298,0.026569604395418233,0.07025667961214298,1805,11.0803324099723,793.0,2.1193626263695355,0.12842145099421032
covtype-20k,20000,2000,euclidean,ward,3,0.14164936084112206,0.14164936084112206,0.14164936084112206,1805,11.0803324099723,793.0,2.1193626263695355,0.17122286099765915
covtype-20k,20000,2000,manhattan,kmeans,3,0.09215230538079168,0.06338436803794992,0.09818471061866677,1950,10.256410256410257,735.0,2.2212924493839665,0.05152751400601119
covtype-20k,20000,2000,manhattan,gmm,3,0.10559741844450708,0.08327138826954295,0.10559741844450708,1950,10.256410256410257,735.0,2.2212924493839665,0.11269435699796304
covtype-20k,20000,2000,manhattan,ward,3,0.1418731809765958,0.1418731809765958,0.1418731809765958,1950,10.256410256410257,735.0,2.2212924493839665,0.17683410899189766
covtype-20k,20000,2000,ward,kmeans,3,0.09635940286795386,0.08337913539668279,0.09887659281697288,1959,10.209290454313425,117.0,1.321550578777102,0.05574860901106149
covtype-20k,20000,2000,ward,gmm,3,0.09748035859796723,0.09748035859796723,0.09748035859796723,1959,10.209290454313425,117.0,1.3215505787771022,0.16755129900411703
covtype-20k,20000,2000,ward,ward,3,0.1417083385560016,0.1417083385560016,0.1417083385560016,1959,10.209290454313425,117.0,1.321550578777102,0.18517224400420673
covtype-20k,20000,2000,average,kmeans,3,0.08365773742677932,0.07444262929518128,0.08589957522236348,1926,10.384215991692628,465.0,2.523909901811898,0.05612969500361942
covtype-20k,20000,2000,average,gmm,3,0.07386743347040126,0.07386743347040126,0.11023041644042379,1926,10.384215991692628,465.0,2.5239099018118982,0.21153378899907693
covtype-20k,20000,2000,average,ward,3,0.14169058255060363,0.14169058255060363,0.14169058255060363,1926,10.384215991692628,465.0,2.523909901811898,0.1780360889970325
covtype-20k,20000,1000,euclidean,kmeans,3,0.08155406746995061,0.07289859748096564,0.09496150214662098,950,21.05263157894737,1378.0,3.308296701690495,0.04067805899831001
covtype-20k,20000,1000,euclidean,gmm,3,0.11477229580363915,0.11477229580363915,0.11477229580363915,950,21.05263157894737,1378.0,3.308296701690495,0.08244348000152968
covtype-20k,20000,1000,euclidean,ward,3,0.141199902108295,0.141199902108295,0.141199902108295,950,21.05263157894737,1378.0,3.308296701690495,0.07858295300684404
covtype-20k,20000,1000,manhattan,kmeans,3,0.06936914911372483,0.06657322023174692,0.08768013362031307,944,21.1864406779661,1510.0,4.064950862822439,0.03984762700565625
covtype-20k,20000,1000,manhattan,gmm,3,0.08153271240843764,0.029961524131649337,0.08153271240843764,944,21.1864406779661,1510.0,4.064950862822439,0.0750271800061455
covtype-20k,20000,1000,manhattan,ward,3,0.14149126154838065,0.14149126154838065,0.14149126154838065,944,21.1864406779661,1510.0,4.064950862822439,0.07429650500125717
covtype-20k,20000,1000,ward,kmeans,3,0.07282724897274667,0.06713259842687518,0.08684273992491122,950,21.05263157894737,346.0,2.0200471265023996,0.03896348499984015
covtype-20k,20000,1000,ward,gmm,3,0.08145697463302513,0.08145697463302513,0.10404348761518724,950,21.05263157894737,346.0,2.0200471265023996,0.08877898000355344
covtype-20k,20000,1000,ward,ward,3,0.14166388266868574,0.14166388266868574,0.14166388266868574,950,21.05263157894737,346.0,2.0200471265023996,0.07589344699226785
covtype-20k,20000,1000,average,kmeans,3,0.0856658101624278,0.05670760684523373,0.08570874454127134,917,21.810250817884405,691.0,3.6042508388229835,0.04292289799195714
covtype-20k,20000,1000,average,gmm,3,0.08327841733722635,0.08321946908689835,0.09310740903193925,917,21.810250817884405,691.0,3.6042508388229835,0.1260635100043146
covtype-20k,20000,1000,average,ward,3,0.14167390490004805,0.14167390490004805,0.14167390490004805,917,21.810250817884405,691.0,3.6042508388229835,0.07295913100824691
covtype-20k,20000,500,euclidean,kmeans,3,0.0743526499980865,0.07049955023082362,0.07529914746066657,456,43.85964912280702,2323.0,5.158148457828177,0.033803504993557
covtype-20k,20000,500,euclidean,gmm,3,0.08682629219324736,0.08682629219324736,0.10631905755006929,456,43.85964912280702,2323.0,5.158148457828177,0.055437262999475934
covtype-20k,20000,500,euclidean,ward,3,0.14204064924825624,0.14204064924825624,0.14204064924825624,456,43.85964912280702,2323.0,5.158148457828177,0.04839394299779087
covtype-20k,20000,500,manhattan,kmeans,3,0.09037004930150411,0.08246574547899334,0.1129349176623586,494,40.48582995951417,2134.0,5.367979170085593,0.028391040992573835
covtype-20k,20000,500,manhattan,gmm,3,0.07258044650199215,0.07258044650199215,0.07258044650199215,494,40.48582995951417,2134.0,5.367979170085592,0.06920308999542613
covtype-20k,20000,500,manhattan,ward,3,0.14156566362418824,0.14156566362418824,0.14156566362418824,494,40.48582995951417,2134.0,5.367979170085593,0.03896083000290673
covtype-20k,20000,500,ward,kmeans,3,0.08735798568736478,0.07388777267844868,0.09623462484353433,490,40.816326530612244,529.0,2.9343303256181907,0.02888537000399083
covtype-20k,20000,500,ward,gmm,3,0.11590325282299307,0.11590325282299307,0.11590325282299307,490,40.816326530612244,529.0,2.9343303256181907,0.049690951011143625
covtype-20k,20000,500,ward,ward,3,0.14173979442441037,0.14173979442441037,0.14173979442441037,490,40.816326530612244,529.0,2.9343303256181907,0.04280170000856742
covtype-20k,20000,500,average,kmeans,3,0.06008771132318606,0.05640428205189415,0.06904840968320745,479,41.75365344467641,1553.0,4.955479554833265,0.03545399800350424
covtype-20k,20000,500,average,gmm,3,0.12407897067894458,0.08302194030826807,0.12407897067894458,479,41.75365344467641,1553.0,4.955479554833265,0.1001483119907789
covtype-20k,20000,500,average,ward,3,0.1417083385560016,0.1417083385560016,0.1417083385560016,479,41.75365344467641,1553.0,4.955479554833265,0.051820494001731277
covtype-20k,20000,250,euclidean,kmeans,3,0.08397692367728614,0.07154552416745426,0.088720002892778,248,80.64516129032258,3530.0,6.8855262416293455,0.02495972100587096
covtype-20k,20000,250,euclidean,gmm,3,0.09699779678124995,0.02396952676263294,0.10183164271361592,248,80.64516129032258,3530.0,6.885526241629346,0.034914503994514234
covtype-20k,20000,250,euclidean,ward,3,0.14162351780805874,0.14162351780805874,0.14162351780805874,248,80.64516129032258,3530.0,6.8855262416293455,0.0334331390040461
covtype-20k,20000,250,manhattan,kmeans,3,0.08795824354105697,0.08226429501527853,0.10850874641898023,228,87.71929824561404,2873.0,7.01709452330526,0.021238564993836917
covtype-20k,20000,250,manhattan,gmm,3,0.08644842494979177,0.08644842494979177,0.08644842494979177,228,87.71929824561404,2873.0,7.017094523305257,0.03322097999625839
covtype-20k,20000,250,manhattan,ward,3,0.14065993646399264,0.14065993646399264,0.14065993646399264,228,87.71929824561404,2873.0,7.01709452330526,0.028891130990814418
covtype-20k,20000,250,ward,kmeans,3,0.06554997748644528,0.0641812705904864,0.08649440620794227,231,86.58008658008659,1020.0,4.295450741864634,0.022104853007476777
covtype-20k,20000,250,ward,gmm,3,0.07417956225153956,0.03742487384903511,0.08504106237588818,231,86.58008658008659,1020.0,4.295450741864634,0.038490887003717944
covtype-20k,20000,250,ward,ward,3,0.1417083385560016,0.1417083385560016,0.1417083385560016,231,86.58008658008659,1020.0,4.295450741864634,0.030083511999691837
covtype-20k,20000,250,average,kmeans,3,0.08367668491964479,0.07789181636971321,0.08368204035941776,238,84.03361344537815,2474.0,6.390650319425029,0.02831908500229474
covtype-20k,20000,250,average,gmm,3,0.09851357341438657,0.09851357341438657,0.09851357341438657,238,84.03361344537815,2474.0,6.3906503194250295,0.06849652199889533
covtype-20k,20000,250,average,ward,3,0.1413847561143036,0.1413847561143036,0.1413847561143036,238,84.03361344537815,2474.0,6.390650319425029,0.0398692779999692
covtype-20k,20000,100,euclidean,kmeans,3,0.07185815354153134,0.06750718208783248,0.09185725435030968,99,202.02020202020202,5773.0,11.357389475219232,0.018283619996509515
covtype-20k,20000,100,euclidean,gmm,3,0.05256638753635487,0.05256638753635487,0.05256638753635487,99,202.02020202020202,5773.0,11.357389475219245,0.023740318007185124
covtype-20k,20000,100,euclidean,ward,3,0.14298911707108078,0.14298911707108078,0.14298911707108078,99,202.02020202020202,5773.0,11.357389475219232,0.02328961101011373
covtype-20k,20000,100,manhattan,kmeans,3,0.09359194906741518,0.08236862438126415,0.10951151542451955,98,204.08163265306123,6615.0,13.894145110384649,0.015533890997176059
covtype-20k,20000,100,manhattan,gmm,3,0.12561492891547674,0.11908207304705211,0.12561492891547674,98,204.08163265306123,6615.0,13.894145110384658,0.022883728001033887
covtype-20k,20000,100,manhattan,ward,3,0.13829162457651792,0.13829162457651792,0.13829162457651792,98,204.08163265306123,6615.0,13.894145110384649,0.018980168999405578
covtype-20k,20000,100,ward,kmeans,3,0.07367925998244484,0.05903998563590082,0.08395961887693328,90,222.22222222222223,2657.0,7.358767844726733,0.01713404999463819
covtype-20k,20000,100,ward,gmm,3,0.06550181992089463,0.06550181992089463,0.07486610409809073,90,222.22222222222223,2657.0,7.358767844726733,0.023033669000142254
covtype-20k,20000,100,ward,ward,3,0.142163104960764,0.142163104960764,0.142163104960764,90,222.22222222222223,2657.0,7.358767844726733,0.020326359997852705
covtype-20k,20000,100,average,kmeans,3,0.09571266986648727,0.09556773644845147,0.09748915535004656,96,208.33333333333334,7747.0,13.59463134189409,0.0218985459941905
covtype-20k,20000,100,average,gmm,3,0.08761246954837441,0.0868049780470494,0.08761246954837441,96,208.33333333333334,7747.0,13.594631341894098,0.04825881800206844
covtype-20k,20000,100,average,ward,3,0.14920545430800536,0.14920545430800536,0.14920545430800536,96,208.33333333333334,7747.0,13.59463134189409,0.0286669589986559
mnist-10k,10000,10000,euclidean,kmeans,3,0.28998744125138554,0.2709221950995326,0.29011822784576613,10000,1.0,1.0,0.0,2.7650387070025317
mnist-10k,10000,10000,euclidean,gmm,3,0.2402393044217603,0.2373531152581229,0.2402393044217603,10000,1.0,1.0,0.0,63.20284519500274
mnist-10k,10000,10000,manhattan,kmeans,3,0.28998744125138554,0.2709221950995326,0.29011822784576613,10000,1.0,1.0,0.0,2.719687195000006
mnist-10k,10000,10000,manhattan,gmm,3,0.2402393044217603,0.2373531152581229,0.2402393044217603,10000,1.0,1.0,0.0,63.6041394789936
mnist-10k,10000,10000,ward,kmeans,3,0.28998744125138554,0.2709221950995326,0.29011822784576613,10000,1.0,1.0,0.0,2.7373609709902667
mnist-10k,10000,10000,ward,gmm,3,0.2402393044217603,0.2373531152581229,0.2402393044217603,10000,1.0,1.0,0.0,64.37551408400759
mnist-10k,10000,10000,average,kmeans,3,0.28998744125138554,0.2709221950995326,0.29011822784576613,10000,1.0,1.0,0.0,2.7490772449964425
mnist-10k,10000,10000,average,gmm,3,0.2402393044217603,0.2373531152581229,0.2402393044217603,10000,1.0,1.0,0.0,64.5089553220023
mnist-10k,10000,4000,euclidean,kmeans,3,0.2886065327453338,0.2699010558337618,0.2941160810593147,3904,2.5614754098360657,86.0,93.28735240318338,0.9447739040042507
mnist-10k,10000,4000,euclidean,gmm,3,0.25277131059703767,0.24675362808150506,0.25277131059703767,3904,2.5614754098360657,86.0,93.28735240318338,14.69247576300404
mnist-10k,10000,4000,manhattan,kmeans,3,0.24922572586425068,0.24519135749105367,0.2733872222002965,3700,2.7027027027027026,247.0,114.43783306189931,0.890177366003627
mnist-10k,10000,4000,manhattan,gmm,3,0.19046558200738248,0.19046558200738248,0.19046558200738248,3700,2.7027027027027026,247.0,114.43783306189934,11.171273301995825
mnist-10k,10000,4000,ward,kmeans,3,0.2837521380874758,0.21208800306928116,0.2954791448569445,3840,2.6041666666666665,83.0,83.63253766426341,0.9140235520026181
mnist-10k,10000,4000,ward,gmm,3,0.2195327117848623,0.2195327117848623,0.2549429113726258,3840,2.6041666666666665,83.0,83.63253766426341,17.032118244998856
mnist-10k,10000,4000,average,kmeans,3,0.2823755349440692,0.24906076935598528,0.28520913981151713,3782,2.6441036488630356,512.0,133.63537796435574,0.9150498809904093
mnist-10k,10000,4000,average,gmm,3,0.14803152249981488,0.09961195793991416,0.2308836945264153,3782,2.6441036488630356,512.0,133.63537796435574,16.152157385004102
mnist-10k,10000,2000,euclidean,kmeans,3,0.272534641582037,0.22050582597399573,0.29643043447913303,1833,5.455537370430988,1081.0,208.6605908539861,0.4946735109988367
mnist-10k,10000,2000,euclidean,gmm,3,0.285018565726442,0.2364357442417079,0.285018565726442,1833,5.455537370430988,1081.0,208.6605908539861,3.975041992991464
mnist-10k,10000,2000,euclidean,ward,3,0.3228247025547347,0.3228247025547347,0.3228247025547347,1833,5.455537370430988,1081.0,208.6605908539861,1.0229357609932777
mnist-10k,10000,2000,manhattan,kmeans,3,0.2359144189529729,0.2206330452693849,0.2361837152311811,1813,5.515719801434087,721.0,218.30643626520467,0.43047018299694173
mnist-10k,10000,2000,manhattan,gmm,3,0.22273645133773937,0.22273645133773937,0.2377958283273301,1813,5.515719801434087,721.0,218.30643626520467,4.19451892899815
mnist-10k,10000,2000,manhattan,ward,3,0.16689698464198782,0.16689698464198782,0.16689698464198782,1813,5.515719801434087,721.0,218.30643626520467,0.9530532179924194
mnist-10k,10000,2000,ward,kmeans,3,0.25948943328739726,0.25427344899750454,0.27782793884386675,1936,5.1652892561983474,168.0,152.02415826818049,0.4912145690032048
mnist-10k,10000,2000,ward,gmm,3,0.2477701320109295,0.2477701320109295,0.28792581625619096,1936,5.1652892561983474,168.0,152.02415826818049,5.4951749090105295
mnist-10k,10000,2000,ward,ward,3,0.3233154397050909,0.3233154397050909,0.3233154397050909,1936,5.1652892561983474,168.0,152.02415826818049,1.0744374720088672
mnist-10k,10000,2000,average,kmeans,3,0.16867565011220118,0.10685194347634601,0.1841987384994443,1835,5.449591280653951,957.0,238.12536941201836,0.5123093220026931
mnist-10k,10000,2000,average,gmm,3,0.2033991778724369,0.2033991778724369,0.21222249673637966,1835,5.449591280653951,957.0,238.12536941201827,5.403465936993598
mnist-10k,10000,2000,average,ward,3,0.16778720782338633,0.16778720782338633,0.16778720782338633,1835,5.449591280653951,957.0,238.12536941201836,1.0835525360016618
mnist-10k,10000,1000,euclidean,kmeans,3,0.2539620625523945,0.20785600288463005,0.26083604519804204,976,10.245901639344263,1190.0,278.56744789742686,0.3036735149944434
mnist-10k,10000,1000,euclidean,gmm,3,0.22132306232443802,0.14851889762144052,0.22132306232443802,976,10.245901639344263,1190.0,278.567447897427,1.7477716129942564
mnist-10k,10000,1000,euclidean,ward,3,0.16048226450655653,0.16048226450655653,0.16048226450655653,976,10.245901639344263,1190.0,278.56744789742686,0.4393400570115773
mnist-10k,10000,1000,manhattan,kmeans,3,0.27066300427467094,0.2591465718219703,0.2731420127776918,971,10.298661174047373,1475.0,299.0189924447682,0.3128408679913264
mnist-10k,10000,1000,manhattan,gmm,3,0.16436554344391155,0.16436554344391155,0.16436554344391155,971,10.298661174047373,1475.0,299.0189924447682,1.666346102996613
mnist-10k,10000,1000,manhattan,ward,3,0.17364672272752288,0.17364672272752288,0.17364672272752288,971,10.298661174047373,1475.0,299.0189924447682,0.43636542599415407
mnist-10k,10000,1000,ward,kmeans,3,0.3084394176102026,0.26247614156888993,0.3204703173754452,975,10.256410256410257,275.0,213.1026636478546,0.2860108940076316
mnist-10k,10000,1000,ward,gmm,3,0.2439461324117253,0.22693664762916618,0.29448106037719407,975,10.256410256410257,275.0,213.1026636478546,2.029202637990238
mnist-10k,10000,1000,ward,ward,3,0.2593469737793594,0.2593469737793594,0.2593469737793594,975,10.256410256410257,275.0,213.1026636478546,0.39881731300556567
mnist-10k,10000,1000,average,kmeans,3,0.15381786781992654,0.09954997900311915,0.1685859748836209,902,11.086474501108647,4351.0,340.97520327026916,0.385965956011205
mnist-10k,10000,1000,average,gmm,3,0.1810978379444154,0.1810978379444154,0.1810978379444154,902,11.086474501108647,4351.0,340.97520327026876,2.822432856002706
mnist-10k,10000,1000,average,ward,3,0.038340197958466084,0.038340197958466084,0.038340197958466084,902,11.086474501108647,4351.0,340.97520327026916,0.5310837140132207
mnist-10k,10000,500,euclidean,kmeans,3,0.13138249399432206,0.12461346888840646,0.1451088934285084,454,22.026431718061673,5203.0,394.51245078024186,0.22276258199417498
mnist-10k,10000,500,euclidean,gmm,3,0.19082211361430756,0.16217220334391125,0.19082211361430756,454,22.026431718061673,5203.0,394.5124507802416,0.6094569169945316
mnist-10k,10000,500,euclidean,ward,3,0.14148755413115208,0.14148755413115208,0.14148755413115208,454,22.026431718061673,5203.0,394.51245078024186,0.25948299799347296
mnist-10k,10000,500,manhattan,kmeans,3,0.17892090350048753,0.15622602716543296,0.19696726286317573,490,20.408163265306122,2716.0,378.27971711056034,0.2349191730027087
mnist-10k,10000,500,manhattan,gmm,3,0.14153095896969992,0.14153095896969992,0.20070726022977955,490,20.408163265306122,2716.0,378.27971711056057,0.6982886500045424
mnist-10k,10000,500,manhattan,ward,3,0.1404997346225966,0.1404997346225966,0.1404997346225966,490,20.408163265306122,2716.0,378.27971711056034,0.26943384199694265
mnist-10k,10000,500,ward,kmeans,3,0.2267894048442936,0.2179988854094889,0.26747634258089353,487,20.53388090349076,669.0,269.08128408942304,0.21038363200204913
mnist-10k,10000,500,ward,gmm,3,0.2516151148866828,0.19005764310651027,0.2516151148866828,487,20.53388090349076,669.0,269.08128408942304,0.7182389619993046
mnist-10k,10000,500,ward,ward,3,0.351986612163519,0.351986612163519,0.351986612163519,487,20.53388090349076,669.0,269.08128408942304,0.22922574100084603
mnist-10k,10000,500,average,kmeans,3,0.04692970186828678,0.04423267738972361,0.05183944309567289,472,21.1864406779661,6666.0,412.089911916372,0.28600253800686914
mnist-10k,10000,500,average,gmm,3,0.122917278703529,0.07927520481500444,0.122917278703529,472,21.1864406779661,6666.0,412.0899119163717,1.5683897269918816
mnist-10k,10000,500,average,ward,3,0.013860369155447921,0.013860369155447921,0.013860369155447921,472,21.1864406779661,6666.0,412.089911916372,0.3591968469991116
mnist-10k,10000,250,euclidean,kmeans,3,0.07661832713452994,0.06790341835791297,0.084278052514806,235,42.5531914893617,5937.0,443.58558457701486,0.1892597440019017
mnist-10k,10000,250,euclidean,gmm,3,0.15910680786157994,0.15697034823261052,0.18558895202814546,235,42.5531914893617,5937.0,443.5855845770155,0.34820024599321187
mnist-10k,10000,250,euclidean,ward,3,0.06056339307919,0.06056339307919,0.06056339307919,235,42.5531914893617,5937.0,443.58558457701486,0.20374963201174978
mnist-10k,10000,250,manhattan,kmeans,3,0.028578336467644308,0.01296904060488456,0.03687072025311126,249,40.16064257028113,7233.0,468.6061947834732,0.18349935598962475
mnist-10k,10000,250,manhattan,gmm,3,0.16258249528099603,0.13472364965399244,0.16258249528099603,249,40.16064257028113,7233.0,468.6061947834732,0.33678835298633203
mnist-10k,10000,250,manhattan,ward,3,0.07256815746118307,0.07256815746118307,0.07256815746118307,249,40.16064257028113,7233.0,468.6061947834732,0.17767243199341465
mnist-10k,10000,250,ward,kmeans,3,0.3044410874178033,0.29964196219693945,0.30551994609257704,231,43.29004329004329,782.0,330.5556920654741,0.1629033510107547
mnist-10k,10000,250,ward,gmm,3,0.2878688873522114,0.2878688873522114,0.2878688873522114,231,43.29004329004329,782.0,330.5556920654741,0.35548393698991276
mnist-10k,10000,250,ward,ward,3,0.2760878538492762,0.2760878538492762,0.2760878538492762,231,43.29004329004329,782.0,330.5556920654741,0.1513680970092537
mnist-10k,10000,250,average,kmeans,3,0.052762353871888566,0.051982458885169204,0.05336584406684008,248,40.32258064516129,7960.0,473.218190073258,0.22902472400164697
mnist-10k,10000,250,average,gmm,3,0.083545689170805,0.083545689170805,0.083545689170805,248,40.32258064516129,7960.0,473.2181900732584,1.0445757989946287
mnist-10k,10000,250,average,ward,3,0.007299124072626104,0.007299124072626104,0.007299124072626104,248,40.32258064516129,7960.0,473.218190073258,0.2784585879999213
mnist-10k,10000,100,euclidean,kmeans,3,0.08592385636983749,0.08497066930007119,0.08655491775540629,97,103.09278350515464,5615.0,504.8050635718266,0.1427389970049262
mnist-10k,10000,100,euclidean,gmm,3,0.15081689158882844,0.1174823786181934,0.15081689158882844,97,103.09278350515464,5615.0,504.80506357182617,0.184153645997867
mnist-10k,10000,100,euclidean,ward,3,0.08624620319695757,0.08624620319695757,0.08624620319695757,97,103.09278350515464,5615.0,504.8050635718266,0.13607741400483064
mnist-10k,10000,100,manhattan,kmeans,3,0.11531270076029226,0.0843552341369764,0.1362308474867326,98,102.04081632653062,7372.0,549.0927504025889,0.1422581920051016
mnist-10k,10000,100,manhattan,gmm,3,0.07614295099776802,0.07614295099776802,0.10876294871654635,98,102.04081632653062,7372.0,549.0927504025894,0.189237732993206
mnist-10k,10000,100,manhattan,ward,3,0.03433984140173137,0.03433984140173137,0.03433984140173137,98,102.04081632653062,7372.0,549.0927504025889,0.12493913699290715
mnist-10k,10000,100,ward,kmeans,3,0.2616630563681642,0.23271520366026596,0.29047085479515483,90,111.11111111111111,2357.0,441.9578820621384,0.12570525601040572
mnist-10k,10000,100,ward,gmm,3,0.26440294814189763,0.2011227067299785,0.2804053282211411,90,111.11111111111111,2357.0,441.9578820621388,0.16438251100771595
mnist-10k,10000,100,ward,ward,3,0.2680779707661927,0.2680779707661927,0.2680779707661927,90,111.11111111111111,2357.0,441.9578820621384,0.09810561600897927
mnist-10k,10000,100,average,kmeans,3,-1.7392627775301668e-05,-2.2283259044652445e-05,3.291514271241556e-05,94,106.38297872340425,9590.0,551.7500040943437,0.17195552599150687
mnist-10k,10000,100,average,gmm,3,0.07415416925433181,0.008399827395702634,0.07415416925433181,94,106.38297872340425,9590.0,551.7500040943437,0.6492074990092078
mnist-10k,10000,100,average,ward,3,2.1707925734805617e-06,2.1707925734805617e-06,2.1707925734805617e-06,94,106.38297872340425,9590.0,551.7500040943437,0.19087500100431498
