dataset,n,d,method,min,median,max,range
digits,1797,64,betula-kmeans,0.5673360435335721,0.5689109061043072,0.5792992249923572,0.011963181458785055
digits,1797,64,betula-gmm,0.3871326532853788,0.3871326532853788,0.3936082962699657,0.00647564298458686
digits,1797,64,betula-ward,0.699358503251921,0.699358503251921,0.699358503251921,0.0
mnist,20000,784,betula-kmeans,0.3262165635708293,0.3264361783825929,0.3614568848361773,0.035240321265347985
mnist,20000,784,betula-gmm,0.2058128292111004,0.2172228633026509,0.2495080599631291,0.04369523075202872
mnist,20000,784,betula-ward,0.3749425225918171,0.3920852303032693,0.4060850543241659,0.03114253173234882
covtype,20000,54,betula-kmeans,-0.044031258292952,0.0019343046943147,0.0073207587097398,0.0513520170026918
covtype,20000,54,betula-gmm,0.0458720356064018,0.0752603706641213,0.0869349424793103,0.0410629068729085
covtype,20000,54,betula-ward,-0.0516587557446142,-0.049259711009498,-0.0020101154139827,0.049648640330631495
